,trap_num,time_num,total_objs,obj_num,detect_class,predic_rate,obj_X,obj_Y,width,height,area,gateDist,edgeDist,region,is_mother_cell,is_daughter_cell,last_mother_cost
54868,65,1,1,1,cell,96%,30,31,9,9,64,3.0,31.0,A,True,False,0.0
54869,65,2,1,1,cell,96%,30,31,9,9,64,3.0,31.0,A,True,False,0.0
54870,65,3,1,1,cell,96%,30,31,10,9,71,3.0,31.0,A,True,False,1.09375
54871,65,4,1,1,cell,96%,30,31,10,9,71,3.0,31.0,A,True,False,0.0
54872,65,5,1,1,cell,95%,30,31,10,9,71,3.0,31.0,A,True,False,0.0
54873,65,6,1,1,cell,96%,29,31,9,8,57,3.16227766,31.01612484,A,True,False,2.9718309859154926
54874,65,7,2,1,cell,97%,30,30,9,7,50,4.0,30.0,A,True,False,2.642283737811692
54875,65,7,2,2,cell,95%,29,38,5,6,24,-4.123105626,38.01315562,B,False,True,12.789473684210527
54876,65,8,2,1,cell,96%,29,31,9,8,57,3.16227766,31.01612484,A,True,False,2.8142135623730944
54877,65,8,2,2,cell,95%,30,40,6,7,33,-6.0,40.0,B,False,True,13.399999999999999
54878,65,9,2,1,cell,97%,29,32,9,8,57,2.236067977,32.01562119,A,True,False,1.0
54879,65,9,2,2,cell,95%,30,41,8,7,44,-7.0,41.0,B,False,True,12.330577375506856
54880,65,10,2,1,cell,96%,30,31,10,8,63,3.0,31.0,A,True,False,2.466845141320465
54881,65,10,2,2,cell,96%,29,42,8,8,51,-8.062257748,42.01190308,B,False,True,11.052631578947368
54882,65,11,2,1,cell,96%,29,30,10,9,71,4.123105626,30.01666204,A,True,False,2.6840548322143647
54883,65,11,2,2,cell,95%,29,41,8,8,51,-7.071067812,41.01219331,B,False,True,11.954637525882795
54884,65,12,2,1,cell,96%,29,42,9,8,57,-8.062257748,42.01190308,B,False,True,13.971830985915492
54885,65,12,2,2,cell,97%,30,31,10,9,71,3.0,31.0,A,True,False,1.4142135623730951
54886,65,13,2,1,cell,97%,30,31,10,9,71,3.0,31.0,A,True,False,0.0
54887,65,13,2,2,cell,96%,30,43,10,9,71,-9.0,43.0,B,False,True,12.0
54888,65,14,1,1,cell,96%,29,30,9,7,50,4.123105626,30.01666204,A,True,False,4.371960041246335
54889,65,15,2,1,cell,97%,30,30,9,7,50,4.0,30.0,A,True,False,1.0
54890,65,15,2,2,cell,95%,30,39,7,7,39,-5.0,39.0,B,False,True,11.255385138137417
54891,65,16,2,1,cell,97%,29,30,9,7,50,4.123105626,30.01666204,A,True,False,1.0
54892,65,16,2,2,cell,96%,29,39,7,7,39,-5.099019514,39.01281841,B,False,True,11.255385138137417
54893,65,17,2,1,cell,96%,29,30,9,7,50,4.123105626,30.01666204,A,True,False,0.0
54894,65,17,2,2,cell,95%,30,39,7,7,39,-5.0,39.0,B,False,True,11.255385138137417
54895,65,18,2,1,cell,96%,29,31,9,9,64,3.16227766,31.01612484,A,True,False,3.8000000000000003
54896,65,18,2,2,cell,95%,29,41,7,8,44,-7.071067812,41.01219331,B,False,True,12.2
54897,65,19,2,1,cell,97%,30,30,10,9,71,4.0,30.0,A,True,False,2.507963562373095
54898,65,19,2,2,cell,96%,29,41,9,9,64,-7.071067812,41.01219331,B,False,True,10.0
54899,65,20,2,1,cell,95%,29,42,10,9,71,-8.062257748,42.01190308,B,False,True,12.041594578792294
54900,65,20,2,2,cell,97%,29,31,10,9,71,3.16227766,31.01612484,A,True,False,1.4142135623730951
54901,65,21,2,1,cell,97%,30,30,9,7,50,4.0,30.0,A,True,False,4.371960041246335
54902,65,21,2,2,cell,90%,29,37,5,5,20,-3.16227766,37.01351105,B,False,True,13.183098591549296
54903,65,22,2,1,cell,96%,29,31,9,8,57,3.16227766,31.01612484,A,True,False,2.8142135623730944
54904,65,22,2,2,cell,95%,30,39,6,7,33,-5.0,39.0,B,False,True,12.399999999999999
54905,65,23,2,1,cell,97%,29,31,9,7,50,3.16227766,31.01612484,A,True,False,1.228070175438597
54906,65,23,2,2,cell,95%,30,39,7,7,39,-5.0,39.0,B,False,True,11.220152485140655
54907,65,24,2,1,cell,96%,31,30,10,7,55,4.123105626,30.01666204,A,True,False,3.2360679774997907
54908,65,24,2,2,cell,95%,30,40,7,8,44,-6.0,40.0,B,False,True,10.255385138137417
54909,65,25,2,1,cell,97%,29,30,9,7,50,4.123105626,30.01666204,A,True,False,2.909090909090909
54910,65,25,2,2,cell,95%,29,40,7,7,39,-6.08276253,40.01249805,B,False,True,13.107129936276479
54911,65,26,2,1,cell,96%,31,31,10,8,63,3.16227766,31.01612484,A,True,False,4.8360679774997894
54912,65,26,2,2,cell,93%,31,40,9,8,57,-6.08276253,40.01249805,B,False,True,11.59803902718557
54913,65,27,2,1,cell,96%,29,30,10,9,71,4.123105626,30.01666204,A,True,False,3.5059092473410596
54914,65,27,2,2,cell,96%,29,42,9,9,64,-8.062257748,42.01190308,B,False,True,11.339070046229105
54915,65,28,2,1,cell,96%,28,31,9,9,64,3.605551275,31.06444913,A,True,False,2.4001290553308414
54916,65,28,2,2,cell,95%,29,42,9,9,64,-8.062257748,42.01190308,B,False,True,12.985915492957746
54917,65,29,1,1,cell,96%,30,31,10,8,63,3.0,31.0,A,True,False,2.15625
54918,65,30,2,1,cell,96%,31,30,10,7,55,4.123105626,30.01666204,A,True,False,2.6840548322143647
54919,65,30,2,2,cell,96%,31,38,6,7,33,-4.123105626,38.01315562,B,False,True,11.832972573770238
54920,65,31,2,1,cell,96%,31,31,10,8,63,3.16227766,31.01612484,A,True,False,2.454545454545455
54921,65,31,2,2,cell,95%,30,40,7,8,44,-6.0,40.0,B,False,True,12.04987562112089
54922,65,32,2,1,cell,97%,30,31,10,8,63,3.0,31.0,A,True,False,1.0
54923,65,32,2,2,cell,95%,29,41,7,8,44,-7.071067812,41.01219331,B,False,True,13.213912043058587
54924,65,33,2,1,cell,96%,30,31,9,8,57,3.0,31.0,A,True,False,0.9523809523809523
54925,65,33,2,2,cell,95%,30,40,7,7,39,-6.0,40.0,B,False,True,12.80952380952381
54926,65,34,2,1,cell,96%,29,30,10,9,71,4.123105626,30.01666204,A,True,False,3.8703539132502893
54927,65,34,2,2,cell,94%,29,41,9,9,64,-7.071067812,41.01219331,B,False,True,11.277945796559486
54928,65,35,2,1,cell,96%,29,31,10,9,71,3.16227766,31.01612484,A,True,False,1.0
54929,65,35,2,2,cell,96%,29,41,9,9,64,-7.071067812,41.01219331,B,False,True,11.985915492957746
54930,65,36,1,1,cell,97%,30,29,10,9,71,5.0,29.0,A,True,False,2.23606797749979
54931,65,37,2,1,cell,97%,29,30,11,8,70,4.123105626,30.01666204,A,True,False,1.5550586327956302
54932,65,37,2,2,cell,91%,31,37,6,5,24,-3.16227766,37.01351105,B,False,True,14.681976058157705
54933,65,38,2,1,cell,97%,30,29,10,7,55,5.0,29.0,A,True,False,3.557070705230238
54934,65,38,2,2,cell,91%,30,38,5,6,24,-4.0,38.0,B,False,True,14.63368631972712
54935,65,39,2,1,cell,97%,29,30,10,8,63,4.123105626,30.01666204,A,True,False,2.86875901691855
54936,65,39,2,2,cell,95%,30,38,6,7,33,-4.0,38.0,B,False,True,13.0
54937,65,40,2,1,cell,97%,30,30,11,8,70,4.0,30.0,A,True,False,2.1111111111111116
54938,65,40,2,2,cell,96%,30,38,7,7,39,-4.0,38.0,B,False,True,11.87178155782236
54939,65,41,2,1,cell,97%,29,31,11,8,70,3.16227766,31.01612484,A,True,False,1.4142135623730951
54940,65,41,2,2,cell,96%,30,40,7,8,44,-6.0,40.0,B,False,True,13.714285714285715
54941,65,42,2,1,cell,97%,30,30,11,9,78,4.0,30.0,A,True,False,2.557070705230238
54942,65,42,2,2,cell,94%,31,40,8,9,57,-6.08276253,40.01249805,B,False,True,11.076687314435747
54943,65,43,2,1,cell,97%,29,29,10,9,71,5.099019514,29.01723626,A,True,False,2.3116494598089927
54944,65,43,2,2,cell,95%,30,40,8,9,57,-6.0,40.0,B,False,True,12.692307692307693
54945,65,44,2,1,cell,97%,29,30,10,9,71,4.123105626,30.01666204,A,True,False,1.0
54946,65,44,2,2,cell,96%,29,40,8,9,57,-6.08276253,40.01249805,B,False,True,12.971830985915492
54947,65,45,1,1,cell,97%,29,30,10,8,63,4.123105626,30.01666204,A,True,False,1.1267605633802813
54948,65,46,2,1,cell,97%,29,31,10,8,63,3.16227766,31.01612484,A,True,False,1.0
54949,65,46,2,2,cell,96%,30,38,6,6,29,-4.0,38.0,B,False,True,13.459083145123946
54950,65,47,2,1,cell,97%,29,30,10,7,55,4.123105626,30.01666204,A,True,False,2.2698412698412698
54951,65,47,2,2,cell,96%,30,38,6,7,33,-4.0,38.0,B,False,True,11.832972573770238
54952,65,48,2,1,cell,97%,29,31,10,8,63,3.16227766,31.01612484,A,True,False,2.454545454545455
54953,65,48,2,2,cell,96%,29,39,7,7,39,-5.099019514,39.01281841,B,False,True,11.90909090909091
54954,65,49,2,1,cell,97%,30,29,10,8,63,5.0,29.0,A,True,False,2.23606797749979
54955,65,49,2,2,cell,96%,30,38,7,7,39,-4.0,38.0,B,False,True,10.880591621389286
54956,65,50,2,1,cell,97%,29,30,11,9,78,4.123105626,30.01666204,A,True,False,3.7951659433254763
54957,65,50,2,2,cell,95%,30,40,7,8,44,-6.0,40.0,B,False,True,14.015873015873016
54958,65,51,2,1,cell,98%,30,29,10,9,71,5.0,29.0,A,True,False,2.3116494598089927
54959,65,51,2,2,cell,95%,31,40,8,8,51,-6.08276253,40.01249805,B,False,True,13.659577488724032
54960,65,52,2,1,cell,98%,30,30,10,9,71,4.0,30.0,A,True,False,1.0
54961,65,52,2,2,cell,95%,30,41,8,8,51,-7.0,41.0,B,False,True,14.816901408450704
54962,65,53,1,1,cell,97%,29,30,9,8,57,4.123105626,30.01666204,A,True,False,2.9718309859154926
54963,65,54,2,1,cell,97%,29,29,9,7,50,5.099019514,29.01723626,A,True,False,2.2280701754385968
54964,65,54,2,2,cell,95%,30,38,4,6,19,-4.0,38.0,B,False,True,14.728924414965217
54965,65,55,2,1,cell,97%,30,30,10,8,63,4.0,30.0,A,True,False,4.0142135623730955
54966,65,55,2,2,cell,95%,30,38,6,7,33,-4.0,38.0,B,False,True,12.455385138137416
54967,65,56,2,1,cell,97%,29,31,10,8,63,3.16227766,31.01612484,A,True,False,1.4142135623730951
54968,65,56,2,2,cell,95%,30,39,6,7,33,-5.0,39.0,B,False,True,13.761904761904763
54969,65,57,2,1,cell,98%,30,30,10,8,63,4.0,30.0,A,True,False,1.4142135623730951
54970,65,57,2,2,cell,96%,30,39,6,7,33,-5.0,39.0,B,False,True,12.824162510203312
54971,65,58,2,1,cell,97%,29,31,11,9,78,3.16227766,31.01612484,A,True,False,3.7951659433254763
54972,65,58,2,2,cell,95%,29,41,7,8,44,-7.071067812,41.01219331,B,False,True,14.061234033060277
54973,65,59,2,1,cell,98%,30,29,11,9,78,5.0,29.0,A,True,False,2.23606797749979
54974,65,59,2,2,cell,96%,30,41,8,8,51,-7.0,41.0,B,False,True,13.511414082659352
54975,65,60,2,1,cell,97%,31,29,10,9,71,5.099019514,29.01723626,A,True,False,1.8974358974358976
54976,65,60,2,2,cell,95%,31,41,8,9,57,-7.071067812,41.01219331,B,False,True,14.733902271099986
54977,65,61,1,1,cell,96%,30,30,10,9,71,4.0,30.0,A,True,False,1.4142135623730951
54978,65,62,2,1,cell,97%,30,29,10,8,63,5.0,29.0,A,True,False,2.126760563380281
54979,65,62,2,2,cell,91%,30,37,5,6,24,-3.0,37.0,B,False,True,13.619718309859156
54980,65,63,2,1,cell,96%,29,29,10,8,63,5.099019514,29.01723626,A,True,False,1.0
54981,65,63,2,2,cell,95%,30,38,6,7,33,-4.0,38.0,B,False,True,13.761904761904763
54982,65,64,2,1,cell,96%,29,29,10,8,63,5.099019514,29.01723626,A,True,False,0.0
54983,65,64,2,2,cell,95%,29,39,7,8,44,-5.099019514,39.01281841,B,False,True,13.015873015873016
54984,65,65,2,1,cell,97%,30,29,11,9,78,5.0,29.0,A,True,False,3.3809523809523814
54985,65,65,2,2,cell,96%,30,40,7,8,44,-6.0,40.0,B,False,True,14.061234033060277
54986,65,66,2,1,cell,97%,29,29,10,9,71,5.099019514,29.01723626,A,True,False,1.8974358974358976
54987,65,66,2,2,cell,95%,29,39,7,8,44,-5.099019514,39.01281841,B,False,True,14.40884998009525
54988,65,67,2,1,cell,97%,30,29,10,10,79,5.0,29.0,A,True,False,2.1267605633802824
54989,65,67,2,2,cell,95%,29,40,9,9,64,-6.08276253,40.01249805,B,False,True,11.985915492957746
54990,65,68,2,1,cell,97%,30,30,11,10,87,4.0,30.0,A,True,False,2.012658227848102
54991,65,68,2,2,cell,95%,30,40,9,9,64,-6.0,40.0,B,False,True,12.89873417721519
54992,65,69,2,1,cell,98%,30,30,10,9,71,4.0,30.0,A,True,False,1.839080459770115
54993,65,69,2,2,cell,95%,30,41,8,9,57,-7.0,41.0,B,False,True,14.448275862068966
54994,65,70,2,1,cell,96%,30,29,10,8,63,5.0,29.0,A,True,False,2.126760563380281
54995,65,70,2,2,cell,91%,29,37,5,6,24,-3.16227766,37.01351105,B,False,True,13.690786121724631
54996,65,71,2,1,cell,97%,30,29,10,8,63,5.0,29.0,A,True,False,0.0
54997,65,71,2,2,cell,95%,31,38,6,7,33,-4.123105626,38.01315562,B,False,True,13.81728990004218
54998,65,72,2,1,cell,96%,30,29,10,9,71,5.0,29.0,A,True,False,1.2698412698412698
54999,65,72,2,2,cell,96%,30,40,7,8,44,-6.0,40.0,B,False,True,14.015873015873016
55000,65,73,2,1,cell,96%,30,28,11,9,78,6.0,28.0,A,True,False,1.9859154929577474
55001,65,73,2,2,cell,96%,31,39,8,9,57,-5.099019514,39.01281841,B,False,True,12.021706607036382
55002,65,74,2,1,cell,97%,30,30,10,10,79,4.0,30.0,A,True,False,2.1282051282051277
55003,65,74,2,2,cell,95%,30,40,8,9,57,-6.0,40.0,B,False,True,14.692307692307693
55004,65,75,2,1,cell,97%,29,29,10,10,79,5.099019514,29.01723626,A,True,False,1.4142135623730951
55005,65,75,2,2,cell,96%,30,40,8,9,57,-6.0,40.0,B,False,True,12.784810126582279
55006,65,76,2,1,cell,97%,31,29,10,11,87,5.099019514,29.01723626,A,True,False,3.012658227848102
55007,65,76,2,2,cell,94%,30,42,9,10,71,-8.0,42.0,B,False,True,14.0510630382534
55008,65,77,2,1,cell,97%,31,30,10,10,79,4.123105626,30.01666204,A,True,False,1.9195402298850575
55009,65,77,2,2,cell,95%,31,41,8,9,57,-7.071067812,41.01219331,B,False,True,15.448275862068966
55010,65,78,1,1,cell,97%,30,30,10,10,79,4.0,30.0,A,True,False,1.0
55011,65,79,2,1,cell,97%,30,29,10,9,71,5.0,29.0,A,True,False,2.0126582278481013
55012,65,79,2,2,cell,94%,29,38,5,6,24,-4.123105626,38.01315562,B,False,True,15.024283064754245
55013,65,80,2,1,cell,96%,29,30,10,10,79,4.123105626,30.01666204,A,True,False,2.5409741257533778
55014,65,80,2,2,cell,93%,29,39,7,7,39,-5.099019514,39.01281841,B,False,True,14.556917874642016
55015,65,81,2,1,cell,96%,29,29,10,9,71,5.099019514,29.01723626,A,True,False,2.0126582278481013
55016,65,81,2,2,cell,96%,29,39,6,7,33,-5.099019514,39.01281841,B,False,True,14.822784810126581
55017,65,82,2,1,cell,97%,29,30,10,10,79,4.123105626,30.01666204,A,True,False,2.1267605633802824
55018,65,82,2,2,cell,95%,29,40,7,8,44,-6.08276253,40.01249805,B,False,True,14.802816901408452
55019,65,83,2,1,cell,97%,30,29,10,10,79,5.0,29.0,A,True,False,1.4142135623730951
55020,65,83,2,2,cell,97%,30,40,8,9,57,-6.0,40.0,B,False,True,12.834685747703169
55021,65,84,2,1,cell,96%,31,29,10,10,79,5.099019514,29.01723626,A,True,False,1.0
55022,65,84,2,2,cell,95%,31,40,8,9,57,-6.08276253,40.01249805,B,False,True,13.83017114376954
55023,65,85,2,1,cell,97%,30,28,10,11,87,6.0,28.0,A,True,False,2.426871790221197
55024,65,85,2,2,cell,96%,31,40,8,9,57,-6.08276253,40.01249805,B,False,True,13.784810126582279
55025,65,86,2,1,cell,97%,29,30,10,11,87,4.123105626,30.01666204,A,True,False,2.23606797749979
55026,65,86,2,2,cell,96%,29,43,8,10,63,-9.055385138,43.01162634,B,False,True,17.791917068028084
55027,65,87,2,1,cell,98%,30,30,10,11,87,4.0,30.0,A,True,False,1.0
55028,65,87,2,2,cell,95%,30,41,8,9,57,-7.0,41.0,B,False,True,14.493636879256227
55029,65,88,1,1,cell,98%,29,30,10,10,79,4.123105626,30.01666204,A,True,False,1.9195402298850575
55030,65,89,2,1,cell,97%,29,28,10,9,71,6.08276253,28.01785145,A,True,False,3.0126582278481013
55031,65,89,2,2,cell,62%,29,37,6,5,24,-3.16227766,37.01351105,B,False,True,13.962025316455696
55032,65,90,2,1,cell,97%,30,29,10,9,71,5.0,29.0,A,True,False,1.4142135623730951
55033,65,90,2,2,cell,96%,31,38,6,7,33,-4.123105626,38.01315562,B,False,True,15.550151703241909
55034,65,91,2,1,cell,97%,29,29,11,9,78,5.099019514,29.01723626,A,True,False,1.9859154929577474
55035,65,91,2,2,cell,95%,30,38,6,7,33,-4.0,38.0,B,False,True,14.352112676056338
55036,65,92,2,1,cell,97%,29,29,10,9,71,5.099019514,29.01723626,A,True,False,0.8974358974358976
55037,65,92,2,2,cell,95%,30,39,7,8,44,-5.0,39.0,B,False,True,14.40884998009525
55038,65,93,2,1,cell,97%,29,29,11,9,78,5.099019514,29.01723626,A,True,False,0.9859154929577474
55039,65,93,2,2,cell,95%,30,39,6,8,38,-5.0,39.0,B,False,True,14.697762945064552
55040,65,94,2,1,cell,97%,30,29,10,9,71,5.0,29.0,A,True,False,1.8974358974358976
55041,65,94,2,2,cell,94%,30,40,7,8,44,-6.0,40.0,B,False,True,15.40433537616162
55042,65,95,2,1,cell,97%,29,29,11,10,87,5.099019514,29.01723626,A,True,False,3.2535211267605626
55043,65,95,2,2,cell,95%,29,40,7,8,44,-6.08276253,40.01249805,B,False,True,14.848177918595713
55044,65,96,2,1,cell,97%,30,29,11,10,87,5.0,29.0,A,True,False,1.0
55045,65,96,2,2,cell,94%,30,40,7,9,50,-6.0,40.0,B,False,True,15.298234580405651
55046,65,97,2,1,cell,97%,29,29,10,11,87,5.099019514,29.01723626,A,True,False,1.0
55047,65,97,2,2,cell,95%,30,40,9,9,64,-6.0,40.0,B,False,True,13.64367816091954
55048,65,98,2,1,cell,97%,30,29,10,10,79,5.0,29.0,A,True,False,1.9195402298850575
55049,65,98,2,2,cell,95%,30,40,8,9,57,-6.0,40.0,B,False,True,14.493636879256227
55050,65,99,2,1,cell,97%,30,29,10,10,79,5.0,29.0,A,True,False,0.0
55051,65,99,2,2,cell,95%,29,41,8,8,51,-7.071067812,41.01219331,B,False,True,15.585898376260648
55052,65,100,1,1,cell,97%,29,29,11,9,78,5.099019514,29.01723626,A,True,False,1.1265822784810122
55053,65,101,2,1,cell,96%,28,29,10,8,63,5.385164807,29.06888371,A,True,False,2.923076923076923
55054,65,101,2,2,cell,94%,28,38,5,6,24,-4.472135955,38.05259518,B,False,True,15.97846206121434
55055,65,102,2,1,cell,97%,29,29,11,9,78,5.099019514,29.01723626,A,True,False,3.3809523809523814
55056,65,102,2,2,cell,96%,29,38,5,6,24,-4.123105626,38.01315562,B,False,True,15.245861328613607
55057,65,103,2,1,cell,97%,29,29,11,9,78,5.099019514,29.01723626,A,True,False,0.0
55058,65,103,2,2,cell,97%,30,38,6,7,33,-4.0,38.0,B,False,True,14.824615907368186
55059,65,104,2,1,cell,97%,29,29,11,9,78,5.099019514,29.01723626,A,True,False,0.0
55060,65,104,2,2,cell,96%,30,38,6,7,33,-4.0,38.0,B,False,True,14.824615907368186
55061,65,105,2,1,cell,97%,30,29,11,9,78,5.0,29.0,A,True,False,1.0
55062,65,105,2,2,cell,95%,31,38,6,7,33,-4.123105626,38.01315562,B,False,True,14.988775226523657
55063,65,106,2,1,cell,96%,28,29,11,9,78,5.385164807,29.06888371,A,True,False,2.0
55064,65,106,2,2,cell,95%,29,38,6,7,33,-4.123105626,38.01315562,B,False,True,14.824615907368186
55065,65,107,2,1,cell,96%,29,29,11,9,78,5.099019514,29.01723626,A,True,False,1.0
55066,65,107,2,2,cell,95%,30,40,7,8,44,-6.0,40.0,B,False,True,15.539314246473307
55067,65,108,2,1,cell,97%,29,28,11,11,96,6.08276253,28.01785145,A,True,False,3.3076923076923084
55068,65,108,2,2,cell,95%,30,40,8,8,51,-6.0,40.0,B,False,True,14.506899478725723
55069,65,109,2,1,cell,97%,29,29,11,10,87,5.099019514,29.01723626,A,True,False,1.9375
55070,65,109,2,2,cell,93%,29,41,7,8,44,-7.071067812,41.01219331,B,False,True,18.416666666666668
55071,65,110,2,1,cell,97%,29,30,11,10,87,4.123105626,30.01666204,A,True,False,1.0
55072,65,110,2,2,cell,94%,29,40,7,8,44,-6.08276253,40.01249805,B,False,True,15.942528735632184
55073,65,111,1,1,cell,97%,29,28,12,11,104,6.08276253,28.01785145,A,True,False,3.954022988505748
55074,65,112,1,1,cell,98%,29,30,11,10,87,4.123105626,30.01666204,A,True,False,3.634615384615384
55075,65,113,1,1,cell,97%,29,29,10,9,71,5.099019514,29.01723626,A,True,False,2.839080459770115
55076,65,114,1,1,cell,96%,30,28,10,9,71,6.0,28.0,A,True,False,1.4142135623730951
55077,65,115,2,1,cell,98%,30,29,10,9,71,5.0,29.0,A,True,False,1.0
55078,65,115,2,2,cell,95%,31,38,6,6,29,-4.123105626,38.01315562,B,False,True,15.96536857886737
55079,65,116,2,1,cell,97%,30,29,10,9,71,5.0,29.0,A,True,False,0.0
55080,65,116,2,2,cell,96%,29,38,5,6,24,-4.123105626,38.01315562,B,False,True,15.675103447996573
55081,65,117,2,1,cell,97%,30,28,10,8,63,6.0,28.0,A,True,False,2.126760563380281
55082,65,117,2,2,cell,94%,29,37,5,7,28,-3.16227766,37.01351105,B,False,True,14.118595776467565
55083,65,118,2,1,cell,97%,29,29,10,8,63,5.099019514,29.01723626,A,True,False,1.4142135623730951
55084,65,118,2,2,cell,96%,30,38,6,7,33,-4.0,38.0,B,False,True,14.761904761904763
55085,65,119,2,1,cell,96%,29,29,10,8,63,5.099019514,29.01723626,A,True,False,0.0
55086,65,119,2,2,cell,96%,30,38,6,7,33,-4.0,38.0,B,False,True,13.81728990004218
55087,65,120,2,1,cell,97%,29,28,10,8,63,6.08276253,28.01785145,A,True,False,1.0
55088,65,120,2,2,cell,94%,30,38,6,7,33,-4.0,38.0,B,False,True,13.81728990004218
55089,65,121,2,1,cell,97%,31,29,10,8,63,5.099019514,29.01723626,A,True,False,2.23606797749979
55090,65,121,2,2,cell,95%,31,39,6,7,33,-5.099019514,39.01281841,B,False,True,15.942244649403708
55091,65,122,2,1,cell,97%,30,29,10,9,71,5.0,29.0,A,True,False,2.2698412698412698
55092,65,122,2,2,cell,96%,31,39,6,8,38,-5.099019514,39.01281841,B,False,True,13.968253968253968
55093,65,123,2,1,cell,97%,30,29,10,8,63,5.0,29.0,A,True,False,1.1267605633802813
55094,65,123,2,2,cell,94%,30,38,6,7,33,-4.0,38.0,B,False,True,14.352112676056338
55095,65,124,2,1,cell,97%,29,30,11,10,87,4.123105626,30.01666204,A,True,False,5.223737371896904
55096,65,124,2,2,cell,96%,30,40,7,8,44,-6.0,40.0,B,False,True,14.015873015873016
55097,65,125,2,1,cell,97%,29,29,10,9,71,5.099019514,29.01723626,A,True,False,2.839080459770115
55098,65,125,2,2,cell,95%,29,40,7,8,44,-6.08276253,40.01249805,B,False,True,14.942528735632184
55099,65,126,2,1,cell,97%,30,29,10,10,79,5.0,29.0,A,True,False,2.1267605633802824
55100,65,126,2,2,cell,95%,30,40,7,8,44,-6.0,40.0,B,False,True,14.848177918595713
55101,65,127,2,1,cell,97%,29,29,11,9,78,5.099019514,29.01723626,A,True,False,1.1265822784810122
55102,65,127,2,2,cell,94%,29,40,7,8,44,-6.08276253,40.01249805,B,False,True,15.475740764022705
55103,65,128,2,1,cell,97%,29,28,11,9,78,6.08276253,28.01785145,A,True,False,1.0
55104,65,128,2,2,cell,95%,29,39,7,9,50,-5.099019514,39.01281841,B,False,True,13.58974358974359
55105,65,129,2,1,cell,98%,30,29,11,10,87,5.0,29.0,A,True,False,2.568059716219249
55106,65,129,2,2,cell,95%,30,40,7,9,50,-6.0,40.0,B,False,True,15.631338168535883
55107,65,130,2,1,cell,97%,29,29,11,9,78,5.099019514,29.01723626,A,True,False,2.0344827586206895
55108,65,130,2,2,cell,95%,29,40,7,8,44,-6.08276253,40.01249805,B,False,True,15.987889752819445
55109,65,131,2,1,cell,98%,29,29,11,10,87,5.099019514,29.01723626,A,True,False,1.1538461538461542
55110,65,131,2,2,cell,96%,29,40,7,8,44,-6.08276253,40.01249805,B,False,True,15.35897435897436
55111,65,132,2,1,cell,97%,29,31,11,10,87,3.16227766,31.01612484,A,True,False,2.0
55112,65,132,2,2,cell,95%,29,42,8,8,51,-8.062257748,42.01190308,B,False,True,17.137931034482758
55113,65,133,2,1,cell,98%,29,30,11,10,87,4.123105626,30.01666204,A,True,False,1.0
55114,65,133,2,2,cell,95%,29,41,7,7,39,-7.071067812,41.01219331,B,False,True,15.517241379310345
55115,65,134,2,1,cell,98%,30,29,11,9,78,5.0,29.0,A,True,False,2.4486963209937844
55116,65,134,2,2,cell,94%,30,41,7,9,50,-7.0,41.0,B,False,True,15.298234580405651
55117,65,135,2,1,cell,97%,29,29,11,10,87,5.099019514,29.01723626,A,True,False,2.153846153846154
55118,65,135,2,2,cell,94%,29,40,7,8,44,-6.08276253,40.01249805,B,False,True,15.40433537616162
55119,65,136,2,1,cell,98%,29,30,11,10,87,4.123105626,30.01666204,A,True,False,1.0
55120,65,136,2,2,cell,94%,30,42,8,8,51,-8.0,42.0,B,False,True,17.176335844888058
55121,65,137,2,1,cell,97%,29,30,11,10,87,4.123105626,30.01666204,A,True,False,0.0
55122,65,137,2,2,cell,94%,29,41,8,8,51,-7.071067812,41.01219331,B,False,True,15.137931034482758
55123,65,138,2,1,cell,97%,29,30,11,10,87,4.123105626,30.01666204,A,True,False,0.0
55124,65,138,2,2,cell,95%,28,42,7,8,44,-8.246211251,42.04759208,B,False,True,16.98412331442448
55125,65,139,2,1,cell,98%,29,29,11,10,87,5.099019514,29.01723626,A,True,False,1.0
55126,65,139,2,2,cell,94%,28,42,7,8,44,-8.246211251,42.04759208,B,False,True,16.98412331442448
55127,65,140,1,1,cell,98%,28,29,11,11,96,5.385164807,29.06888371,A,True,False,2.0344827586206895
55128,65,141,1,1,cell,98%,28,29,11,11,96,5.385164807,29.06888371,A,True,False,0.0
55129,65,142,1,1,cell,97%,29,29,12,12,114,5.099019514,29.01723626,A,True,False,2.875
55130,65,143,1,1,cell,98%,30,28,12,11,104,6.0,28.0,A,True,False,2.2914065448292362
55131,65,144,1,1,cell,97%,29,28,12,11,104,6.08276253,28.01785145,A,True,False,1.0
55132,65,145,1,1,cell,97%,29,28,11,12,104,6.08276253,28.01785145,A,True,False,0.0
55133,65,146,1,1,cell,97%,29,28,11,11,96,6.08276253,28.01785145,A,True,False,0.7692307692307687
55134,65,147,1,1,cell,98%,29,29,11,12,104,5.099019514,29.01723626,A,True,False,1.8333333333333326
55135,65,148,1,1,cell,97%,31,29,12,12,114,5.099019514,29.01723626,A,True,False,2.9615384615384626
55136,65,149,1,1,cell,97%,29,29,11,12,104,5.099019514,29.01723626,A,True,False,2.877192982456141
55137,65,150,1,1,cell,97%,29,28,11,11,96,6.08276253,28.01785145,A,True,False,1.7692307692307687
55138,65,151,1,1,cell,97%,30,28,11,12,104,6.0,28.0,A,True,False,1.8333333333333326
55139,65,152,1,1,cell,97%,30,28,12,12,114,6.0,28.0,A,True,False,0.9615384615384626
55140,65,153,1,1,cell,97%,30,29,12,12,114,5.0,29.0,A,True,False,1.0
55141,65,154,1,1,cell,97%,30,28,12,12,114,6.0,28.0,A,True,False,1.0
55142,65,155,1,1,cell,97%,30,28,12,12,114,6.0,28.0,A,True,False,0.0
55143,65,156,1,1,cell,97%,30,29,12,12,114,5.0,29.0,A,True,False,1.0
55144,65,157,1,1,cell,97%,30,28,12,12,114,6.0,28.0,A,True,False,1.0
55145,65,158,1,1,cell,97%,29,29,12,12,114,5.099019514,29.01723626,A,True,False,1.4142135623730951
55146,65,159,1,1,cell,97%,30,28,11,12,104,6.0,28.0,A,True,False,2.2914065448292362
55147,65,160,1,1,cell,97%,30,27,12,12,114,7.0,27.0,A,True,False,1.9615384615384626
55148,65,161,1,1,cell,97%,29,27,11,11,96,7.071067812,27.01851217,A,True,False,2.578947368421053
55149,65,162,1,1,cell,97%,29,28,11,11,96,6.08276253,28.01785145,A,True,False,1.0
55150,65,163,2,1,cell,98%,29,26,11,10,87,8.062257748,26.01922366,A,True,False,2.9375
55151,65,163,2,2,cell,85%,30,35,6,5,24,-1.0,35.0,B,False,True,14.571067811865476
55152,65,164,2,1,cell,97%,29,27,11,11,96,7.071067812,27.01851217,A,True,False,2.0344827586206895
55153,65,164,2,2,cell,87%,30,35,7,5,28,-1.0,35.0,B,False,True,15.836994333539716
55154,65,165,2,1,cell,97%,30,26,11,10,87,8.0,26.0,A,True,False,2.351713562373095
55155,65,165,2,2,cell,94%,31,36,6,6,29,-2.236067977,36.01388621,B,False,True,16.198711123959555
55156,65,166,2,1,cell,98%,29,26,11,10,87,8.062257748,26.01922366,A,True,False,1.0
55157,65,166,2,2,cell,95%,30,36,6,6,29,-2.0,36.0,B,False,True,16.666666666666668
55158,65,167,2,1,cell,97%,29,27,11,10,87,7.071067812,27.01851217,A,True,False,1.0
55159,65,167,2,2,cell,93%,30,36,6,6,29,-2.0,36.0,B,False,True,16.716542287787558
55160,65,168,2,1,cell,97%,29,28,11,10,87,6.08276253,28.01785145,A,True,False,1.0
55161,65,168,2,2,cell,96%,30,37,6,7,33,-3.0,37.0,B,False,True,16.25677217284503
55162,65,169,2,1,cell,97%,29,26,11,10,87,8.062257748,26.01922366,A,True,False,2.0
55163,65,169,2,2,cell,96%,30,36,6,7,33,-2.0,36.0,B,False,True,14.269154300022688
55164,65,170,2,1,cell,97%,28,27,11,10,87,7.280109889,27.07397274,A,True,False,1.4142135623730951
55165,65,170,2,2,cell,96%,29,36,6,7,33,-2.236067977,36.01388621,B,False,True,16.20689655172414
55166,65,171,2,1,cell,97%,29,27,11,10,87,7.071067812,27.01851217,A,True,False,1.0
55167,65,171,2,2,cell,95%,30,36,6,7,33,-2.0,36.0,B,False,True,15.426441009017026
55168,65,172,2,1,cell,97%,30,27,11,10,87,7.0,27.0,A,True,False,1.0
55169,65,172,2,2,cell,96%,30,37,6,7,33,-3.0,37.0,B,False,True,16.25677217284503
55170,65,173,2,1,cell,97%,29,27,11,10,87,7.071067812,27.01851217,A,True,False,1.0
55171,65,173,2,2,cell,96%,30,38,6,8,38,-4.0,38.0,B,False,True,16.632183908045977
55172,65,174,2,1,cell,97%,29,28,12,10,95,6.08276253,28.01785145,A,True,False,1.9195402298850586
55173,65,174,2,2,cell,95%,29,38,6,8,38,-4.123105626,38.01315562,B,False,True,16.632183908045977
55174,65,175,2,1,cell,97%,30,28,12,10,95,6.0,28.0,A,True,False,1.0
55175,65,175,2,2,cell,95%,30,39,6,8,38,-5.0,39.0,B,False,True,17.04536101718726
55176,65,176,2,1,cell,96%,28,28,11,11,96,6.32455532,28.0713377,A,True,False,2.105263157894737
55177,65,176,2,2,cell,96%,29,38,6,8,38,-4.123105626,38.01315562,B,False,True,16.04987562112089
55178,65,177,2,1,cell,98%,29,26,10,10,79,8.062257748,26.01922366,A,True,False,4.006901310833124
55179,65,177,2,2,cell,96%,30,37,6,8,38,-3.0,37.0,B,False,True,15.261211123959557
55180,65,178,2,1,cell,97%,29,27,11,10,87,7.071067812,27.01851217,A,True,False,2.012658227848102
55181,65,178,2,2,cell,95%,29,38,7,8,44,-4.123105626,38.01315562,B,False,True,16.430379746835442
55182,65,179,2,1,cell,97%,30,27,10,12,95,7.0,27.0,A,True,False,1.9195402298850586
55183,65,179,2,2,cell,96%,30,39,8,9,57,-5.0,39.0,B,False,True,15.48987044086126
55184,65,180,1,1,cell,97%,29,28,11,11,96,6.08276253,28.01785145,A,True,False,1.5194767202678323
55185,65,181,1,1,cell,98%,29,27,11,12,104,7.071067812,27.01851217,A,True,False,1.8333333333333326
55186,65,182,1,1,cell,97%,29,29,11,12,104,5.099019514,29.01723626,A,True,False,2.0
55187,65,183,1,1,cell,97%,29,28,12,11,104,6.08276253,28.01785145,A,True,False,1.0
55188,65,184,1,1,cell,97%,30,27,12,11,104,7.0,27.0,A,True,False,1.4142135623730951
55189,65,185,1,1,cell,97%,29,26,11,11,96,8.062257748,26.01922366,A,True,False,2.183444331603864
55190,65,186,1,1,cell,97%,29,27,11,11,96,7.071067812,27.01851217,A,True,False,1.0
55191,65,187,1,1,cell,96%,28,28,11,11,96,6.32455532,28.0713377,A,True,False,1.4142135623730951
55192,65,188,1,1,cell,97%,30,28,12,12,114,6.0,28.0,A,True,False,3.875
55193,65,189,1,1,cell,97%,29,27,11,11,96,7.071067812,27.01851217,A,True,False,2.993160930794148
55194,65,190,1,1,cell,97%,29,27,12,11,104,7.071067812,27.01851217,A,True,False,0.8333333333333326
55195,65,191,1,1,cell,97%,30,26,12,11,104,8.0,26.0,A,True,False,1.4142135623730951
55196,65,192,1,1,cell,97%,29,26,11,11,96,8.062257748,26.01922366,A,True,False,1.7692307692307687
55197,65,193,1,1,cell,97%,29,27,11,11,96,7.071067812,27.01851217,A,True,False,1.0
55198,65,194,1,1,cell,97%,28,28,11,12,104,6.32455532,28.0713377,A,True,False,2.247546895706428
55199,65,195,1,1,cell,97%,29,27,11,12,104,7.071067812,27.01851217,A,True,False,1.4142135623730951
55200,65,196,1,1,cell,97%,29,27,11,12,104,7.071067812,27.01851217,A,True,False,0.0
55201,65,197,1,1,cell,97%,29,27,11,12,104,7.071067812,27.01851217,A,True,False,0.0
55202,65,198,1,1,cell,97%,30,27,11,12,104,7.0,27.0,A,True,False,1.0
55203,65,199,1,1,cell,97%,29,27,11,12,104,7.071067812,27.01851217,A,True,False,1.0
55204,65,200,1,1,cell,97%,30,28,11,12,104,6.0,28.0,A,True,False,1.4142135623730951
55205,65,201,1,1,cell,97%,29,28,11,12,104,6.08276253,28.01785145,A,True,False,1.0
55206,65,202,1,1,cell,96%,29,28,13,11,113,6.08276253,28.01785145,A,True,False,0.8653846153846145
55207,65,203,1,1,cell,97%,29,28,12,11,104,6.08276253,28.01785145,A,True,False,0.7964601769911506
55208,65,204,1,1,cell,98%,29,26,11,12,104,8.062257748,26.01922366,A,True,False,2.0
55209,65,205,1,1,cell,97%,29,27,11,12,104,7.071067812,27.01851217,A,True,False,1.0
55210,65,206,1,1,cell,97%,29,27,11,12,104,7.071067812,27.01851217,A,True,False,0.0
55211,65,207,1,1,cell,97%,28,26,11,11,96,8.246211251,26.07680962,A,True,False,2.183444331603864
55212,65,208,1,1,cell,97%,29,27,11,12,104,7.071067812,27.01851217,A,True,False,2.247546895706428
55213,65,209,1,1,cell,97%,29,26,11,12,104,8.062257748,26.01922366,A,True,False,1.0
55214,65,210,1,1,cell,97%,29,27,11,12,104,7.071067812,27.01851217,A,True,False,1.0
55215,65,211,1,1,cell,97%,31,28,12,12,114,6.08276253,28.01785145,A,True,False,3.1976064390382524
55216,65,212,1,1,cell,96%,31,27,10,12,95,7.071067812,27.01851217,A,True,False,2.666666666666666
55217,65,213,1,1,cell,97%,29,27,11,12,104,7.071067812,27.01851217,A,True,False,2.9473684210526323
55218,65,214,1,1,cell,97%,30,28,12,12,114,6.0,28.0,A,True,False,2.3757520239115575
55219,65,215,1,1,cell,97%,29,27,11,12,104,7.071067812,27.01851217,A,True,False,2.2914065448292362
55220,65,216,1,1,cell,96%,28,29,11,12,104,5.385164807,29.06888371,A,True,False,2.23606797749979
55221,65,217,1,1,cell,97%,30,26,11,12,104,8.0,26.0,A,True,False,3.6055512754639896
55222,65,218,1,1,cell,97%,29,28,11,12,104,6.08276253,28.01785145,A,True,False,2.23606797749979
55223,65,219,1,1,cell,97%,29,27,11,12,104,7.071067812,27.01851217,A,True,False,1.0
55224,65,220,1,1,cell,97%,30,27,12,12,114,7.0,27.0,A,True,False,1.9615384615384626
55225,65,221,1,1,cell,97%,30,28,12,12,114,6.0,28.0,A,True,False,1.0
55226,65,222,1,1,cell,97%,29,26,11,12,104,8.062257748,26.01922366,A,True,False,3.1132609599559307
55227,65,223,1,1,cell,97%,30,28,12,12,114,6.0,28.0,A,True,False,3.1976064390382524
55228,65,224,1,1,cell,97%,30,26,10,12,95,8.0,26.0,A,True,False,3.666666666666666
55229,65,225,1,1,cell,96%,29,28,11,12,104,6.08276253,28.01785145,A,True,False,3.183436398552422
55230,65,226,1,1,cell,97%,29,27,11,12,104,7.071067812,27.01851217,A,True,False,1.0
55231,65,227,1,1,cell,97%,30,29,12,12,114,5.0,29.0,A,True,False,3.1976064390382524
55232,65,228,1,1,cell,97%,31,26,11,12,104,8.062257748,26.01922366,A,True,False,4.03947064262452
55233,65,229,1,1,cell,97%,30,28,12,12,114,6.0,28.0,A,True,False,3.1976064390382524
55234,65,230,1,1,cell,97%,30,28,12,12,114,6.0,28.0,A,True,False,0.0
55235,65,231,1,1,cell,97%,29,28,11,12,104,6.08276253,28.01785145,A,True,False,1.8771929824561409
55236,65,232,1,1,cell,97%,29,27,11,12,104,7.071067812,27.01851217,A,True,False,1.0
55237,65,233,1,1,cell,97%,29,26,11,11,96,8.062257748,26.01922366,A,True,False,1.7692307692307687
55238,65,234,1,1,cell,97%,29,27,11,12,104,7.071067812,27.01851217,A,True,False,1.8333333333333326
55239,65,235,1,1,cell,97%,30,26,11,12,104,8.0,26.0,A,True,False,1.4142135623730951
55240,65,236,1,1,cell,97%,30,28,12,12,114,6.0,28.0,A,True,False,2.9615384615384626
55241,65,237,1,1,cell,97%,30,28,12,12,114,6.0,28.0,A,True,False,0.0
55242,65,238,1,1,cell,97%,28,27,11,12,104,7.280109889,27.07397274,A,True,False,3.1132609599559307
55243,65,239,1,1,cell,97%,29,27,11,12,104,7.071067812,27.01851217,A,True,False,1.0
55244,65,240,1,1,cell,97%,29,27,11,12,104,7.071067812,27.01851217,A,True,False,0.0
55245,65,241,1,1,cell,97%,29,27,11,12,104,7.071067812,27.01851217,A,True,False,0.0
55246,65,242,1,1,cell,97%,30,27,11,12,104,7.0,27.0,A,True,False,1.0
55247,65,243,1,1,cell,97%,30,27,11,12,104,7.0,27.0,A,True,False,0.0
55248,65,244,1,1,cell,97%,30,26,11,12,104,8.0,26.0,A,True,False,1.0
55249,65,245,1,1,cell,97%,30,27,12,12,114,7.0,27.0,A,True,False,1.9615384615384626
55250,65,246,1,1,cell,97%,30,26,11,12,104,8.0,26.0,A,True,False,1.8771929824561409
55251,65,247,1,1,cell,97%,29,27,11,12,104,7.071067812,27.01851217,A,True,False,1.4142135623730951
55252,65,248,1,1,cell,97%,29,27,11,11,96,7.071067812,27.01851217,A,True,False,0.7692307692307687
55253,65,249,1,1,cell,97%,30,27,12,11,104,7.0,27.0,A,True,False,1.8333333333333326
55254,65,250,1,1,cell,97%,30,27,11,12,104,7.0,27.0,A,True,False,0.0
55255,65,251,1,1,cell,96%,30,27,12,12,114,7.0,27.0,A,True,False,0.9615384615384626
55256,65,252,1,1,cell,96%,30,27,11,12,104,7.0,27.0,A,True,False,0.8771929824561409
55257,65,253,1,1,cell,97%,29,26,11,12,104,8.062257748,26.01922366,A,True,False,1.4142135623730951
55258,65,254,1,1,cell,97%,29,27,12,11,104,7.071067812,27.01851217,A,True,False,1.0
55259,65,255,1,1,cell,97%,29,25,11,11,96,9.055385138,25.01999201,A,True,False,2.7692307692307687
55260,65,256,1,1,cell,97%,29,27,12,11,104,7.071067812,27.01851217,A,True,False,2.8333333333333326
55261,65,257,1,1,cell,97%,29,28,11,12,104,6.08276253,28.01785145,A,True,False,1.0
55262,65,258,1,1,cell,97%,28,26,11,11,96,8.246211251,26.07680962,A,True,False,3.0052987467305585
55263,65,259,1,1,cell,97%,29,26,11,12,104,8.062257748,26.01922366,A,True,False,1.8333333333333326
55264,65,260,1,1,cell,97%,29,26,11,12,104,8.062257748,26.01922366,A,True,False,0.0
55265,65,261,1,1,cell,97%,30,27,11,12,104,7.0,27.0,A,True,False,1.4142135623730951
55266,65,262,1,1,cell,96%,31,27,11,12,104,7.071067812,27.01851217,A,True,False,1.0
55267,65,263,1,1,cell,97%,29,26,11,12,104,8.062257748,26.01922366,A,True,False,2.23606797749979
55268,65,264,1,1,cell,96%,31,26,11,12,104,8.062257748,26.01922366,A,True,False,2.0
55269,65,265,1,1,cell,97%,30,26,11,12,104,8.0,26.0,A,True,False,1.0
55270,65,266,1,1,cell,97%,29,27,11,12,104,7.071067812,27.01851217,A,True,False,1.4142135623730951
55271,65,267,1,1,cell,97%,30,26,11,12,104,8.0,26.0,A,True,False,1.4142135623730951
55272,65,268,1,1,cell,97%,30,26,11,13,113,8.0,26.0,A,True,False,0.8653846153846145
55273,65,269,1,1,cell,97%,30,26,11,12,104,8.0,26.0,A,True,False,0.7964601769911506
55274,65,270,1,1,cell,97%,29,26,11,12,104,8.062257748,26.01922366,A,True,False,1.0
55275,65,271,1,1,cell,97%,30,27,12,12,114,7.0,27.0,A,True,False,2.3757520239115575
55276,65,272,1,1,cell,97%,28,27,11,12,104,7.280109889,27.07397274,A,True,False,2.877192982456141
55277,65,273,1,1,cell,97%,30,26,11,12,104,8.0,26.0,A,True,False,2.23606797749979
55278,65,274,1,1,cell,97%,30,27,12,12,114,7.0,27.0,A,True,False,1.9615384615384626
55279,65,275,1,1,cell,97%,29,26,11,12,104,8.062257748,26.01922366,A,True,False,2.2914065448292362
55280,65,276,1,1,cell,97%,30,26,11,12,104,8.0,26.0,A,True,False,1.0
55281,65,277,1,1,cell,97%,29,27,12,12,114,7.071067812,27.01851217,A,True,False,2.3757520239115575
55282,65,278,1,1,cell,97%,30,26,10,12,95,8.0,26.0,A,True,False,3.0808802290397614
55283,65,279,1,1,cell,97%,29,26,11,12,104,8.062257748,26.01922366,A,True,False,1.9473684210526323
55284,65,280,1,1,cell,97%,29,26,11,12,104,8.062257748,26.01922366,A,True,False,0.0
55285,65,281,1,1,cell,97%,29,27,11,12,104,7.071067812,27.01851217,A,True,False,1.0
55286,65,282,1,1,cell,97%,30,28,12,12,114,6.0,28.0,A,True,False,2.3757520239115575
55287,65,283,1,1,cell,97%,30,27,11,12,104,7.0,27.0,A,True,False,1.8771929824561409
55288,65,284,1,1,cell,97%,30,27,12,12,114,7.0,27.0,A,True,False,0.9615384615384626
55289,65,285,1,1,cell,96%,29,28,12,12,114,6.08276253,28.01785145,A,True,False,1.4142135623730951
55290,65,286,1,1,cell,97%,29,26,11,12,104,8.062257748,26.01922366,A,True,False,2.877192982456141
55291,65,287,1,1,cell,97%,30,28,12,12,114,6.0,28.0,A,True,False,3.1976064390382524
55292,65,288,1,1,cell,97%,29,27,11,12,104,7.071067812,27.01851217,A,True,False,2.2914065448292362
55293,65,289,1,1,cell,97%,29,27,11,12,104,7.071067812,27.01851217,A,True,False,0.0
55294,65,290,1,1,cell,97%,30,27,12,12,114,7.0,27.0,A,True,False,1.9615384615384626
55295,65,291,1,1,cell,97%,30,28,12,12,114,6.0,28.0,A,True,False,1.0
55296,65,292,1,1,cell,96%,29,27,12,11,104,7.071067812,27.01851217,A,True,False,2.2914065448292362
55297,65,293,1,1,cell,97%,29,26,11,12,104,8.062257748,26.01922366,A,True,False,1.0
55298,65,294,1,1,cell,97%,29,26,11,12,104,8.062257748,26.01922366,A,True,False,0.0
55299,65,295,1,1,cell,97%,29,27,11,12,104,7.071067812,27.01851217,A,True,False,1.0
55300,65,296,1,1,cell,98%,30,27,12,12,114,7.0,27.0,A,True,False,1.9615384615384626
55301,65,297,1,1,cell,97%,30,27,11,12,104,7.0,27.0,A,True,False,0.8771929824561409
55302,65,298,1,1,cell,97%,29,26,12,11,104,8.062257748,26.01922366,A,True,False,1.4142135623730951
55303,65,299,1,1,cell,97%,29,27,11,12,104,7.071067812,27.01851217,A,True,False,1.0
55304,65,300,1,1,cell,97%,30,28,12,12,114,6.0,28.0,A,True,False,2.3757520239115575
55305,65,301,1,1,cell,96%,29,26,12,11,104,8.062257748,26.01922366,A,True,False,3.1132609599559307
55306,65,302,1,1,cell,95%,29,28,12,12,114,6.08276253,28.01785145,A,True,False,2.9615384615384626
55307,65,303,1,1,cell,97%,30,26,11,13,113,8.0,26.0,A,True,False,2.323787275745404
55308,65,304,1,1,cell,97%,30,27,12,12,114,7.0,27.0,A,True,False,1.088495575221239
55309,65,305,1,1,cell,97%,30,27,11,12,104,7.0,27.0,A,True,False,0.8771929824561409
55310,65,306,1,1,cell,97%,30,27,12,12,114,7.0,27.0,A,True,False,0.9615384615384626
55311,65,307,1,1,cell,97%,30,28,12,12,114,6.0,28.0,A,True,False,1.0
55312,65,308,1,1,cell,97%,29,26,11,12,104,8.062257748,26.01922366,A,True,False,3.1132609599559307
55313,65,309,1,1,cell,96%,30,28,12,12,114,6.0,28.0,A,True,False,3.1976064390382524
55314,65,310,1,1,cell,97%,30,26,11,13,113,8.0,26.0,A,True,False,2.0877192982456143
55315,65,311,1,1,cell,96%,30,27,12,11,104,7.0,27.0,A,True,False,1.7964601769911506
55316,65,312,1,1,cell,97%,30,27,12,12,114,7.0,27.0,A,True,False,0.9615384615384626
55317,65,313,1,1,cell,97%,29,26,11,12,104,8.062257748,26.01922366,A,True,False,2.2914065448292362
55318,65,314,1,1,cell,97%,30,27,12,12,114,7.0,27.0,A,True,False,2.3757520239115575
55319,65,315,1,1,cell,97%,29,26,11,12,104,8.062257748,26.01922366,A,True,False,2.2914065448292362
55320,65,316,1,1,cell,97%,29,26,12,11,104,8.062257748,26.01922366,A,True,False,0.0
55321,65,317,1,1,cell,97%,29,26,11,12,104,8.062257748,26.01922366,A,True,False,0.0
55322,65,318,1,1,cell,97%,29,26,11,12,104,8.062257748,26.01922366,A,True,False,0.0
55323,65,319,1,1,cell,97%,30,27,12,12,114,7.0,27.0,A,True,False,2.3757520239115575
55324,65,320,1,1,cell,96%,28,27,11,12,104,7.280109889,27.07397274,A,True,False,2.877192982456141
55325,65,321,1,1,cell,97%,30,27,12,12,114,7.0,27.0,A,True,False,2.9615384615384626
55326,65,322,1,1,cell,97%,29,26,10,12,95,8.062257748,26.01922366,A,True,False,3.0808802290397614
55327,65,323,1,1,cell,97%,29,26,11,12,104,8.062257748,26.01922366,A,True,False,0.9473684210526323
55328,65,324,1,1,cell,97%,30,27,12,12,114,7.0,27.0,A,True,False,2.3757520239115575
55329,65,325,1,1,cell,97%,29,27,12,12,114,7.071067812,27.01851217,A,True,False,1.0
55330,65,326,1,1,cell,97%,29,27,12,12,114,7.071067812,27.01851217,A,True,False,0.0
55331,65,327,1,1,cell,96%,28,28,11,12,104,6.32455532,28.0713377,A,True,False,2.2914065448292362
55332,65,328,1,1,cell,97%,29,26,11,12,104,8.062257748,26.01922366,A,True,False,2.23606797749979
55333,65,329,1,1,cell,97%,29,26,11,12,104,8.062257748,26.01922366,A,True,False,0.0
55334,65,330,1,1,cell,97%,29,26,11,12,104,8.062257748,26.01922366,A,True,False,0.0
55335,65,331,1,1,cell,96%,28,26,11,11,96,8.246211251,26.07680962,A,True,False,1.7692307692307687
55336,65,332,1,1,cell,96%,29,27,11,11,96,7.071067812,27.01851217,A,True,False,1.4142135623730951
55337,65,333,1,1,cell,97%,29,27,11,11,96,7.071067812,27.01851217,A,True,False,0.0
55338,65,334,1,1,cell,97%,30,26,11,13,113,8.0,26.0,A,True,False,3.185046895706428
55339,65,335,1,1,cell,96%,28,28,11,12,104,6.32455532,28.0713377,A,True,False,3.624887301737341
55340,65,336,1,1,cell,97%,29,26,11,13,113,8.062257748,26.01922366,A,True,False,3.1014525928844043
55341,65,337,1,1,cell,97%,29,26,11,12,104,8.062257748,26.01922366,A,True,False,0.7964601769911506
55342,65,338,1,1,cell,97%,29,27,11,12,104,7.071067812,27.01851217,A,True,False,1.0
55343,65,339,1,1,cell,97%,30,27,12,12,114,7.0,27.0,A,True,False,1.9615384615384626
55344,65,340,1,1,cell,97%,29,27,11,12,104,7.071067812,27.01851217,A,True,False,1.8771929824561409
55345,65,341,1,1,cell,97%,29,27,11,12,104,7.071067812,27.01851217,A,True,False,0.0
55346,65,342,1,1,cell,97%,29,27,11,12,104,7.071067812,27.01851217,A,True,False,0.0
55347,65,343,1,1,cell,97%,29,27,11,12,104,7.071067812,27.01851217,A,True,False,0.0
55348,65,344,1,1,cell,97%,30,27,11,12,104,7.0,27.0,A,True,False,1.0
55349,65,345,1,1,cell,96%,30,27,11,12,104,7.0,27.0,A,True,False,0.0
55350,65,346,1,1,cell,97%,30,27,12,12,114,7.0,27.0,A,True,False,0.9615384615384626
55351,65,347,1,1,cell,97%,30,26,11,12,104,8.0,26.0,A,True,False,1.8771929824561409
55352,65,348,1,1,cell,97%,29,26,11,13,113,8.062257748,26.01922366,A,True,False,1.8653846153846145
55353,65,349,1,1,cell,97%,29,27,11,12,104,7.071067812,27.01851217,A,True,False,1.7964601769911506
55354,65,350,1,1,cell,97%,30,27,12,12,114,7.0,27.0,A,True,False,1.9615384615384626
55355,65,351,1,1,cell,96%,28,26,10,12,95,8.246211251,26.07680962,A,True,False,3.902734644166456
55356,65,352,1,1,cell,97%,28,26,11,12,104,8.246211251,26.07680962,A,True,False,0.9473684210526323
55357,65,353,1,1,cell,97%,30,26,12,13,123,8.0,26.0,A,True,False,3.826923076923077
55358,65,354,1,1,cell,97%,29,27,11,12,104,7.071067812,27.01851217,A,True,False,2.958929009527566
55359,65,355,1,1,cell,97%,29,27,11,12,104,7.071067812,27.01851217,A,True,False,0.0
55360,65,356,1,1,cell,96%,30,27,12,12,114,7.0,27.0,A,True,False,1.9615384615384626
55361,65,357,1,1,cell,97%,29,25,11,13,113,9.055385138,25.01999201,A,True,False,2.323787275745404
55362,65,358,1,1,cell,97%,29,26,11,12,104,8.062257748,26.01922366,A,True,False,1.7964601769911506
55363,65,359,1,1,cell,97%,29,26,11,12,104,8.062257748,26.01922366,A,True,False,0.0
55364,65,360,1,1,cell,96%,30,27,12,12,114,7.0,27.0,A,True,False,2.3757520239115575
55365,65,361,1,1,cell,97%,30,26,11,13,113,8.0,26.0,A,True,False,1.0877192982456143
55366,65,362,1,1,cell,97%,30,27,12,12,114,7.0,27.0,A,True,False,1.088495575221239
55367,65,363,1,1,cell,97%,29,26,11,13,113,8.062257748,26.01922366,A,True,False,1.5019328606187095
55368,65,364,1,1,cell,97%,29,26,11,12,104,8.062257748,26.01922366,A,True,False,0.7964601769911506
55369,65,365,1,1,cell,96%,29,27,11,12,104,7.071067812,27.01851217,A,True,False,1.0
55370,65,366,1,1,cell,96%,29,25,11,13,113,9.055385138,25.01999201,A,True,False,2.8653846153846145
55371,65,367,1,1,cell,96%,29,26,11,13,113,8.062257748,26.01922366,A,True,False,1.0
55372,65,368,1,1,cell,97%,29,26,11,13,113,8.062257748,26.01922366,A,True,False,0.0
55373,65,369,1,1,cell,96%,28,26,11,12,104,8.246211251,26.07680962,A,True,False,1.7964601769911506
55374,65,370,1,1,cell,97%,29,26,11,12,104,8.062257748,26.01922366,A,True,False,1.0
55375,65,371,1,1,cell,97%,29,26,11,12,104,8.062257748,26.01922366,A,True,False,0.0
55376,65,372,1,1,cell,97%,29,26,11,13,113,8.062257748,26.01922366,A,True,False,0.8653846153846145
55377,65,373,1,1,cell,97%,29,26,11,12,104,8.062257748,26.01922366,A,True,False,0.7964601769911506
55378,65,374,1,1,cell,97%,29,26,11,13,113,8.062257748,26.01922366,A,True,False,0.8653846153846145
55379,65,375,1,1,cell,97%,29,26,11,13,113,8.062257748,26.01922366,A,True,False,0.0
55380,65,376,1,1,cell,96%,29,27,12,12,114,7.071067812,27.01851217,A,True,False,1.088495575221239
55381,65,377,1,1,cell,96%,29,26,11,12,104,8.062257748,26.01922366,A,True,False,1.8771929824561409
55382,65,378,1,1,cell,97%,29,26,11,12,104,8.062257748,26.01922366,A,True,False,0.0
55383,65,379,1,1,cell,97%,30,26,11,13,113,8.0,26.0,A,True,False,1.8653846153846145
55384,65,380,1,1,cell,97%,29,27,11,12,104,7.071067812,27.01851217,A,True,False,2.2106737393642457
55386,65,381,3,2,cell,96%,28,32,12,13,123,2.828427125,32.06243908,A,True,False,6.925942590515863
55389,65,382,4,2,cell,96%,26,32,11,12,104,4.472135955,32.24903099,A,True,False,3.544715447154471
55393,65,383,4,2,cell,92%,26,32,11,13,113,4.472135955,32.24903099,A,True,False,0.8653846153846145
55397,65,384,4,2,cell,96%,26,30,11,13,113,5.656854249,30.2654919,A,True,False,2.0
55401,65,385,6,2,cell,94%,29,28,13,13,133,6.08276253,28.01785145,A,True,False,5.375462779888769
55407,65,386,5,2,cell,96%,27,31,12,13,123,4.242640687,31.144823,A,True,False,4.35743097471211
55412,65,387,6,2,cell,26%,24,23,10,8,63,12.52996409,23.76972865,A,False,True,13.422052525805334
55413,65,387,6,3,cell,96%,27,34,12,13,123,-3.0,34.13209633,B,True,False,3.0
55418,65,388,6,2,cell,96%,27,33,12,13,123,3.16227766,33.13608305,A,True,False,1.0
55424,65,389,5,2,cell,61%,26,18,11,10,87,16.4924225,18.43908891,A,False,True,17.960125646665592
55425,65,389,5,3,cell,96%,28,32,12,14,132,2.828427125,32.06243908,A,True,False,2.1459208794462663
55429,65,390,6,2,cell,65%,26,16,11,11,96,18.43908891,16.4924225,A,False,True,18.851788223869825
55430,65,390,6,3,cell,96%,27,30,11,13,113,5.0,30.14962686,A,True,False,3.6754619168937293
55435,65,391,5,2,cell,97%,29,28,12,13,123,6.08276253,28.01785145,A,True,False,3.713382876958579
55436,65,391,5,3,cell,27%,34,16,12,13,123,18.43908891,16.4924225,A,False,True,16.537431594710917
