trap_num,time_num,total_objs,obj_num,detect_class,predic_rate,obj_X,obj_Y,width,height,area,gateDist,edgeDist,region
100,1,2,1,cell,96%,30,23,11,10,87,11.0,23.0,A
100,1,2,2,cell,94%,30,33,8,8,51,1.0,33.0,A
100,2,2,1,cell,95%,28,21,11,9,78,13.15294644,21.09502311,A
100,2,2,2,cell,93%,29,32,7,8,44,2.236067977,32.01562119,A
100,3,2,1,cell,94%,30,21,11,10,87,13.0,21.0,A
100,3,2,2,cell,95%,29,32,7,9,50,2.236067977,32.01562119,A
100,4,3,1,cell,96%,28,21,10,9,71,13.15294644,21.09502311,A
100,4,3,2,cell,94%,28,32,7,8,44,2.828427125,32.06243908,A
100,4,3,3,cell,37%,35,17,4,6,19,17.72004515,17.72004515,A
100,5,3,1,cell,94%,27,20,9,11,78,14.31782106,20.22374842,A
100,5,3,2,cell,96%,29,32,7,10,55,2.236067977,32.01562119,A
100,5,3,3,cell,92%,38,15,8,8,51,20.61552813,17.0,A
100,6,3,1,cell,95%,26,17,9,10,71,17.4642492,17.4642492,A
100,6,3,2,cell,94%,29,32,9,8,57,2.236067977,32.01562119,A
100,6,3,3,cell,94%,37,14,9,8,57,21.1896201,15.65247584,A
100,7,3,1,cell,95%,25,17,10,10,79,17.72004515,17.72004515,A
100,7,3,2,cell,96%,29,31,8,9,57,3.16227766,31.01612484,A
100,7,3,3,cell,95%,37,13,10,7,55,22.13594362,14.76482306,A
100,8,3,1,cell,95%,26,16,12,10,95,18.43908891,16.4924225,A
100,8,3,2,cell,97%,29,31,9,9,64,3.16227766,31.01612484,A
100,8,3,3,cell,94%,37,14,10,8,63,21.1896201,15.65247584,A
100,9,4,1,cell,94%,24,15,10,9,71,19.92485885,16.15549442,A
100,9,4,2,cell,96%,29,31,8,9,57,3.16227766,31.01612484,A
100,9,4,3,cell,47%,31,21,7,8,44,13.03840481,21.02379604,A
100,9,4,4,cell,95%,37,14,9,8,57,21.1896201,15.65247584,A
100,10,4,1,cell,95%,25,16,11,10,87,18.68154169,16.76305461,A
100,10,4,2,cell,96%,29,31,9,9,64,3.16227766,31.01612484,A
100,10,4,3,cell,65%,33,22,8,7,44,12.36931688,22.20360331,A
100,10,4,4,cell,94%,37,14,11,8,70,21.1896201,15.65247584,A
100,11,5,1,cell,94%,24,16,10,10,79,18.97366596,17.08800749,A
100,11,5,2,cell,97%,29,31,8,10,63,3.16227766,31.01612484,A
100,11,5,3,cell,62%,32,21,8,8,51,13.15294644,21.09502311,A
100,11,5,4,cell,79%,33,10,9,11,78,24.18677324,10.44030651,A
100,11,5,5,cell,76%,36,12,13,9,92,22.8035085,13.41640786,A
100,12,4,1,cell,95%,24,15,10,10,79,19.92485885,16.15549442,A
100,12,4,2,cell,95%,29,30,8,9,57,4.123105626,30.01666204,A
100,12,4,3,cell,87%,32,22,8,8,51,12.16552506,22.09072203,A
100,12,4,4,cell,92%,35,14,9,7,50,20.61552813,14.86606875,A
100,13,4,1,cell,94%,24,14,10,9,71,20.88061302,15.23154621,A
100,13,4,2,cell,96%,29,32,8,8,51,2.236067977,32.01562119,A
100,13,4,3,cell,80%,31,22,7,7,39,12.04159458,22.02271555,A
100,13,4,4,cell,93%,36,13,10,7,55,21.84032967,14.31782106,A
100,14,5,1,cell,94%,23,14,11,9,78,21.1896201,15.65247584,A
100,14,5,2,cell,37%,27,24,4,6,19,10.44030651,24.18677324,A
100,14,5,3,cell,96%,29,32,8,9,57,2.236067977,32.01562119,A
100,14,5,4,cell,26%,32,20,9,7,50,14.14213562,20.09975124,A
100,14,5,5,cell,93%,35,12,10,8,63,22.56102835,13.0,A
100,15,5,1,cell,93%,23,13,11,9,78,22.13594362,14.76482306,A
100,15,5,2,cell,51%,28,23,6,5,24,11.18033989,23.08679276,A
100,15,5,3,cell,96%,30,33,8,8,51,1.0,33.0,A
100,15,5,4,cell,51%,32,19,7,7,39,15.13274595,19.10497317,A
100,15,5,5,cell,93%,35,11,11,9,78,23.53720459,12.08304597,A
100,16,4,1,cell,90%,23,13,10,10,79,22.13594362,14.76482306,A
100,16,4,2,cell,96%,29,31,9,9,64,3.16227766,31.01612484,A
100,16,4,3,cell,82%,33,17,8,8,51,17.2626765,17.2626765,A
100,16,4,4,cell,92%,36,10,11,9,78,24.73863375,11.66190379,A
100,17,3,1,cell,97%,29,32,8,10,63,2.236067977,32.01562119,A
100,17,3,2,cell,29%,33,17,10,8,63,17.2626765,17.2626765,A
100,17,3,3,cell,39%,36,9,14,10,110,25.70992026,10.81665383,A
100,18,4,1,cell,64%,25,10,10,9,71,24.51530134,11.18033989,A
100,18,4,2,cell,85%,27,21,6,9,43,13.34166406,21.21320344,A
100,18,4,3,cell,97%,29,32,9,10,71,2.236067977,32.01562119,A
100,18,4,4,cell,77%,39,9,9,10,71,26.57066051,12.72792206,A
100,19,3,1,cell,68%,26,22,5,5,20,12.64911064,22.36067977,A
100,19,3,2,cell,95%,29,30,7,9,50,4.123105626,30.01666204,A
100,19,3,3,cell,95%,32,20,6,8,38,14.14213562,20.09975124,A
100,20,3,1,cell,89%,26,21,6,7,33,13.60147051,21.37755833,A
100,20,3,2,cell,91%,29,29,7,9,50,5.099019514,29.01723626,A
100,20,3,3,cell,94%,32,18,7,9,50,16.1245155,18.11077028,A
100,21,3,1,cell,72%,26,23,7,6,33,11.70469991,23.34523506,A
100,21,3,2,cell,95%,28,32,7,8,44,2.828427125,32.06243908,A
100,21,3,3,cell,96%,31,18,8,9,57,16.03121954,18.02775638,A
100,22,3,1,cell,94%,26,22,7,6,33,12.64911064,22.36067977,A
100,22,3,2,cell,95%,29,31,8,9,57,3.16227766,31.01612484,A
100,22,3,3,cell,94%,31,16,9,10,71,18.02775638,16.03121954,A
100,23,3,1,cell,94%,25,21,7,9,50,13.92838828,21.58703314,A
100,23,3,2,cell,97%,28,31,9,9,64,3.605551275,31.06444913,A
100,23,3,3,cell,95%,33,17,10,10,79,17.2626765,17.2626765,A
100,24,2,1,cell,96%,27,19,8,9,57,15.29705854,19.23538406,A
100,24,2,2,cell,97%,29,31,9,10,71,3.16227766,31.01612484,A
100,25,2,1,cell,96%,26,20,7,9,50,14.56021978,20.39607805,A
100,25,2,2,cell,96%,30,30,9,9,64,4.0,30.0,A
100,26,2,1,cell,96%,29,30,7,9,50,4.123105626,30.01666204,A
100,26,2,2,cell,95%,32,19,8,8,51,15.13274595,19.10497317,A
100,27,3,1,cell,87%,27,23,6,8,38,11.40175425,23.19482701,A
100,27,3,2,cell,95%,29,32,7,8,44,2.236067977,32.01562119,A
100,27,3,3,cell,95%,32,21,7,10,55,13.15294644,21.09502311,A
100,28,3,1,cell,89%,26,22,6,8,38,12.64911064,22.36067977,A
100,28,3,2,cell,88%,29,28,8,7,44,6.08276253,28.01785145,A
100,28,3,3,cell,92%,31,17,7,11,61,17.02938637,17.02938637,A
100,29,3,1,cell,92%,24,17,6,8,38,18.02775638,18.02775638,A
100,29,3,2,cell,96%,28,26,8,9,57,8.246211251,26.07680962,A
100,29,3,3,cell,93%,32,17,8,10,63,17.11724277,17.11724277,A
100,30,3,1,cell,93%,23,15,8,6,38,20.24845673,16.55294536,A
100,30,3,2,cell,87%,27,25,7,10,55,9.486832981,25.17935662,A
100,30,3,3,cell,94%,32,15,9,10,71,19.10497317,15.13274595,A
100,31,3,1,cell,97%,26,18,9,8,57,16.4924225,18.43908891,A
100,31,3,2,cell,96%,29,29,9,9,64,5.099019514,29.01723626,A
100,31,3,3,cell,46%,32,22,6,8,38,12.16552506,22.09072203,A
100,32,3,1,cell,96%,24,15,9,9,64,19.92485885,16.15549442,A
100,32,3,2,cell,96%,28,27,9,8,57,7.280109889,27.07397274,A
100,32,3,3,cell,92%,31,20,7,7,39,14.03566885,20.02498439,A
100,33,3,1,cell,94%,23,14,10,7,55,21.1896201,15.65247584,A
100,33,3,2,cell,96%,28,26,10,10,79,8.246211251,26.07680962,A
100,33,3,3,cell,83%,32,18,8,8,51,16.1245155,18.11077028,A
100,34,3,1,cell,96%,28,28,9,10,71,6.32455532,28.0713377,A
100,34,3,2,cell,95%,29,19,9,8,57,15.03329638,19.02629759,A
100,34,3,3,cell,93%,37,13,8,7,44,22.13594362,14.76482306,A
100,35,2,1,cell,94%,29,28,9,9,64,6.08276253,28.01785145,A
100,35,2,2,cell,94%,31,18,10,10,79,16.03121954,18.02775638,A
100,36,3,1,cell,91%,26,21,7,8,44,13.60147051,21.37755833,A
100,36,3,2,cell,85%,29,26,9,7,50,8.062257748,26.01922366,A
100,36,3,3,cell,93%,32,16,9,9,64,18.11077028,16.1245155,A
100,37,3,1,cell,95%,26,19,8,7,44,15.5241747,19.41648784,A
100,37,3,2,cell,92%,30,27,8,8,51,7.0,27.0,A
100,37,3,3,cell,94%,33,15,9,9,64,19.23538406,15.29705854,A
100,38,3,1,cell,89%,24,16,9,9,64,18.97366596,17.08800749,A
100,38,3,2,cell,91%,29,25,9,8,57,9.055385138,25.01999201,A
100,38,3,3,cell,94%,33,13,10,9,71,21.21320344,13.34166406,A
100,39,3,1,cell,95%,23,15,9,8,57,20.24845673,16.55294536,A
100,39,3,2,cell,93%,31,23,9,9,64,11.04536102,23.02172887,A
100,39,3,3,cell,93%,36,12,9,8,57,22.8035085,13.41640786,A
100,40,5,1,cell,36%,22,13,6,7,33,22.47220505,15.26433752,A
100,40,5,2,cell,88%,23,14,9,9,64,21.1896201,15.65247584,A
100,40,5,3,cell,78%,27,11,10,11,87,23.19482701,11.40175425,A
100,40,5,4,cell,92%,29,25,9,10,71,9.055385138,25.01999201,A
100,40,5,5,cell,90%,35,14,10,8,63,20.61552813,14.86606875,A
100,41,3,1,cell,93%,24,16,8,7,44,18.97366596,17.08800749,A
100,41,3,2,cell,96%,29,26,11,10,87,8.062257748,26.01922366,A
100,41,3,3,cell,93%,33,15,9,7,50,19.23538406,15.29705854,A
100,42,3,1,cell,96%,24,15,8,7,44,19.92485885,16.15549442,A
100,42,3,2,cell,94%,30,24,9,9,64,10.0,24.0,A
100,42,3,3,cell,96%,34,14,11,7,61,20.39607805,14.56021978,A
100,43,3,1,cell,95%,21,13,10,7,55,22.84731932,15.8113883,A
100,43,3,2,cell,95%,29,25,8,8,51,9.055385138,25.01999201,A
100,43,3,3,cell,95%,32,15,8,8,51,19.10497317,15.13274595,A
100,44,3,1,cell,92%,25,18,7,7,39,16.76305461,18.68154169,A
100,44,3,2,cell,94%,30,26,8,8,51,8.0,26.0,A
100,44,3,3,cell,94%,33,14,9,9,64,20.22374842,14.31782106,A
100,45,3,1,cell,90%,24,17,8,8,51,18.02775638,18.02775638,A
100,45,3,2,cell,94%,30,25,9,9,64,9.0,25.0,A
100,45,3,3,cell,94%,33,14,9,8,57,20.22374842,14.31782106,A
100,46,3,1,cell,93%,23,17,9,8,57,18.38477631,18.38477631,A
100,46,3,2,cell,88%,31,25,8,11,70,9.055385138,25.01999201,A
100,46,3,3,cell,95%,36,14,11,9,78,20.88061302,15.23154621,A
100,47,3,1,cell,95%,23,15,10,8,63,20.24845673,16.55294536,A
100,47,3,2,cell,94%,30,23,8,11,70,11.0,23.0,A
100,47,3,3,cell,94%,36,12,11,8,70,22.8035085,13.41640786,A
100,48,4,1,cell,89%,22,14,8,8,51,21.54065923,16.1245155,A
100,48,4,2,cell,92%,30,13,8,8,51,21.0,13.0,A
100,48,4,3,cell,90%,31,23,8,10,63,11.04536102,23.02172887,A
100,48,4,4,cell,95%,40,12,10,9,71,24.16609195,15.62049935,A
100,49,3,1,cell,95%,23,16,9,8,57,19.31320792,17.4642492,A
100,49,3,2,cell,95%,30,25,10,10,79,9.0,25.0,A
100,49,3,3,cell,95%,33,14,9,8,57,20.22374842,14.31782106,A
100,50,3,1,cell,95%,24,15,8,8,51,19.92485885,16.15549442,A
100,50,3,2,cell,95%,31,22,9,8,57,12.04159458,22.02271555,A
100,50,3,3,cell,95%,34,12,11,8,70,22.36067977,12.64911064,A
100,51,2,1,cell,97%,29,30,9,8,57,4.123105626,30.01666204,A
100,51,2,2,cell,96%,29,38,7,7,39,-4.123105626,38.01315562,B
100,52,2,1,cell,97%,30,30,10,8,63,4.0,30.0,A
100,52,2,2,cell,96%,29,40,7,8,44,-6.08276253,40.01249805,B
100,53,2,1,cell,97%,28,29,9,8,57,5.385164807,29.06888371,A
100,53,2,2,cell,96%,30,40,8,8,51,-6.0,40.0,B
100,54,2,1,cell,96%,30,29,10,8,63,5.0,29.0,A
100,54,2,2,cell,97%,31,40,8,8,51,-6.08276253,40.01249805,B
100,55,2,1,cell,95%,30,28,10,8,63,6.0,28.0,A
100,55,2,2,cell,96%,29,40,9,9,64,-6.08276253,40.01249805,B
100,56,1,1,cell,95%,30,29,10,10,79,5.0,29.0,A
100,57,2,1,cell,96%,27,20,9,9,64,14.31782106,20.22374842,A
100,57,2,2,cell,94%,29,29,9,9,64,5.099019514,29.01723626,A
100,58,3,1,cell,95%,26,21,8,8,51,13.60147051,21.37755833,A
100,58,3,2,cell,96%,29,30,9,8,57,4.123105626,30.01666204,A
100,58,3,3,cell,96%,29,39,7,7,39,-5.099019514,39.01281841,B
100,59,3,1,cell,96%,27,20,10,10,79,14.31782106,20.22374842,A
100,59,3,2,cell,95%,30,32,10,8,63,2.0,32.0,A
100,59,3,3,cell,95%,30,41,8,7,44,-7.0,41.0,B
100,60,2,1,cell,97%,29,30,10,7,55,4.123105626,30.01666204,A
100,60,2,2,cell,96%,29,41,8,8,51,-7.071067812,41.01219331,B
100,61,2,1,cell,97%,29,30,10,8,63,4.123105626,30.01666204,A
100,61,2,2,cell,96%,29,40,8,9,57,-6.08276253,40.01249805,B
100,62,2,1,cell,96%,28,30,11,8,70,4.472135955,30.06659276,A
100,62,2,2,cell,95%,28,41,9,9,64,-7.280109889,41.0487515,B
100,63,2,1,cell,96%,29,30,10,8,63,4.123105626,30.01666204,A
100,63,2,2,cell,95%,29,42,10,9,71,-8.062257748,42.01190308,B
100,64,1,1,cell,95%,27,30,9,8,57,5.0,30.14962686,A
100,65,2,1,cell,96%,28,30,9,8,57,4.472135955,30.06659276,A
100,65,2,2,cell,29%,31,38,4,5,16,-4.123105626,38.01315562,B
100,66,2,1,cell,97%,29,30,10,8,63,4.123105626,30.01666204,A
100,66,2,2,cell,93%,30,40,6,6,29,-6.0,40.0,B
100,67,2,1,cell,96%,29,31,10,8,63,3.16227766,31.01612484,A
100,67,2,2,cell,95%,30,40,8,7,44,-6.0,40.0,B
100,68,2,1,cell,97%,29,30,10,8,63,4.123105626,30.01666204,A
100,68,2,2,cell,96%,28,40,7,7,39,-6.32455532,40.04996879,B
100,69,2,1,cell,97%,30,30,10,8,63,4.0,30.0,A
100,69,2,2,cell,96%,30,41,9,8,57,-7.0,41.0,B
100,70,3,1,cell,96%,28,31,9,8,57,3.605551275,31.06444913,A
100,70,3,2,cell,95%,28,41,9,8,57,-7.280109889,41.0487515,B
100,70,3,3,cell,95%,30,21,9,8,57,13.0,21.0,A
100,71,3,1,cell,96%,27,20,10,8,63,14.31782106,20.22374842,A
100,71,3,2,cell,95%,28,30,9,9,64,4.472135955,30.06659276,A
100,71,3,3,cell,96%,28,41,9,9,64,-7.280109889,41.0487515,B
100,72,2,1,cell,96%,26,19,9,8,57,15.5241747,19.41648784,A
100,72,2,2,cell,96%,28,29,9,8,57,5.385164807,29.06888371,A
100,73,4,1,cell,96%,25,18,9,9,64,16.76305461,18.68154169,A
100,73,4,2,cell,96%,29,30,9,8,57,4.123105626,30.01666204,A
100,73,4,3,cell,92%,30,39,6,6,29,-5.0,39.0,B
100,73,4,4,cell,62%,32,21,6,8,38,13.15294644,21.09502311,A
100,74,2,1,cell,97%,29,30,10,8,63,4.123105626,30.01666204,A
100,74,2,2,cell,94%,29,40,7,7,39,-6.08276253,40.01249805,B
100,75,2,1,cell,96%,29,30,10,7,55,4.123105626,30.01666204,A
100,75,2,2,cell,96%,30,41,8,8,51,-7.0,41.0,B
100,76,2,1,cell,96%,29,29,10,8,63,5.099019514,29.01723626,A
100,76,2,2,cell,96%,30,39,8,7,44,-5.0,39.0,B
100,77,2,1,cell,97%,29,30,11,8,70,4.123105626,30.01666204,A
100,77,2,2,cell,96%,29,41,8,9,57,-7.071067812,41.01219331,B
100,78,2,1,cell,96%,28,29,11,9,78,5.385164807,29.06888371,A
100,78,2,2,cell,96%,28,41,9,9,64,-7.280109889,41.0487515,B
100,79,2,1,cell,95%,28,29,11,9,78,5.385164807,29.06888371,A
100,79,2,2,cell,96%,28,41,9,10,71,-7.280109889,41.0487515,B
100,80,2,1,cell,95%,29,29,9,9,64,5.099019514,29.01723626,A
100,80,2,2,cell,80%,31,38,5,6,24,-4.123105626,38.01315562,B
100,81,2,1,cell,97%,30,29,10,9,71,5.0,29.0,A
100,81,2,2,cell,93%,31,39,6,6,29,-5.099019514,39.01281841,B
100,82,2,1,cell,96%,29,29,9,9,64,5.099019514,29.01723626,A
100,82,2,2,cell,96%,31,39,8,7,44,-5.099019514,39.01281841,B
100,83,2,1,cell,97%,30,29,10,8,63,5.0,29.0,A
100,83,2,2,cell,96%,30,40,8,7,44,-6.0,40.0,B
100,84,2,1,cell,96%,29,29,10,8,63,5.099019514,29.01723626,A
100,84,2,2,cell,97%,30,40,9,8,57,-6.0,40.0,B
100,85,2,1,cell,96%,29,29,11,9,78,5.099019514,29.01723626,A
100,85,2,2,cell,96%,29,40,9,9,64,-6.08276253,40.01249805,B
100,86,2,1,cell,96%,28,28,11,9,78,6.32455532,28.0713377,A
100,86,2,2,cell,97%,28,41,9,9,64,-7.280109889,41.0487515,B
100,87,1,1,cell,96%,29,28,10,10,79,6.08276253,28.01785145,A
100,88,2,1,cell,95%,28,29,9,9,64,5.385164807,29.06888371,A
100,88,2,2,cell,91%,30,39,5,6,24,-5.0,39.0,B
100,89,2,1,cell,96%,29,29,10,9,71,5.099019514,29.01723626,A
100,89,2,2,cell,96%,29,39,7,7,39,-5.099019514,39.01281841,B
100,90,2,1,cell,96%,30,28,10,9,71,6.0,28.0,A
100,90,2,2,cell,97%,30,39,8,8,51,-5.0,39.0,B
100,91,2,1,cell,96%,29,30,9,9,64,4.123105626,30.01666204,A
100,91,2,2,cell,97%,30,41,8,8,51,-7.0,41.0,B
100,92,2,1,cell,95%,29,28,10,9,71,6.08276253,28.01785145,A
100,92,2,2,cell,96%,29,40,8,9,57,-6.08276253,40.01249805,B
100,93,2,1,cell,95%,30,28,10,10,79,6.0,28.0,A
100,93,2,2,cell,96%,29,40,9,9,64,-6.08276253,40.01249805,B
100,94,1,1,cell,96%,30,29,9,10,71,5.0,29.0,A
100,95,1,1,cell,95%,28,28,9,9,64,6.32455532,28.0713377,A
100,96,2,1,cell,95%,29,28,10,9,71,6.08276253,28.01785145,A
100,96,2,2,cell,93%,30,38,6,7,33,-4.0,38.0,B
100,97,2,1,cell,96%,29,28,9,8,57,6.08276253,28.01785145,A
100,97,2,2,cell,95%,30,38,7,7,39,-4.0,38.0,B
100,98,2,1,cell,95%,28,28,9,9,64,6.32455532,28.0713377,A
100,98,2,2,cell,96%,29,39,7,8,44,-5.099019514,39.01281841,B
100,99,2,1,cell,95%,29,28,10,9,71,6.08276253,28.01785145,A
100,99,2,2,cell,96%,30,39,8,9,57,-5.0,39.0,B
100,100,2,1,cell,96%,29,28,10,10,79,6.08276253,28.01785145,A
100,100,2,2,cell,96%,29,40,8,8,51,-6.08276253,40.01249805,B
100,101,2,1,cell,95%,29,28,10,10,79,6.08276253,28.01785145,A
100,101,2,2,cell,96%,29,40,9,9,64,-6.08276253,40.01249805,B
100,102,1,1,cell,96%,29,27,11,10,87,7.071067812,27.01851217,A
100,103,2,1,cell,96%,28,28,9,10,71,6.32455532,28.0713377,A
100,103,2,2,cell,94%,30,37,6,6,29,-3.0,37.0,B
100,104,2,1,cell,96%,30,28,10,10,79,6.0,28.0,A
100,104,2,2,cell,94%,31,38,7,7,39,-4.123105626,38.01315562,B
100,105,2,1,cell,96%,30,27,10,9,71,7.0,27.0,A
100,105,2,2,cell,96%,30,39,7,7,39,-5.0,39.0,B
100,106,2,1,cell,96%,28,27,9,10,71,7.280109889,27.07397274,A
100,106,2,2,cell,95%,29,38,7,7,39,-4.123105626,38.01315562,B
100,107,2,1,cell,96%,28,28,9,10,71,6.32455532,28.0713377,A
100,107,2,2,cell,96%,29,40,8,8,51,-6.08276253,40.01249805,B
100,108,2,1,cell,96%,30,27,10,10,79,7.0,27.0,A
100,108,2,2,cell,96%,30,40,8,9,57,-6.0,40.0,B
100,109,1,1,cell,97%,30,27,10,10,79,7.0,27.0,A
100,110,2,1,cell,96%,29,28,10,10,79,6.08276253,28.01785145,A
100,110,2,2,cell,94%,31,38,6,7,33,-4.123105626,38.01315562,B
100,111,2,1,cell,96%,29,27,9,9,64,7.071067812,27.01851217,A
100,111,2,2,cell,94%,30,39,7,8,44,-5.0,39.0,B
100,112,2,1,cell,96%,28,26,9,9,64,8.246211251,26.07680962,A
100,112,2,2,cell,95%,29,38,7,8,44,-4.123105626,38.01315562,B
100,113,2,1,cell,96%,29,27,10,10,79,7.071067812,27.01851217,A
100,113,2,2,cell,95%,29,39,7,8,44,-5.099019514,39.01281841,B
100,114,2,1,cell,94%,28,26,9,10,71,8.246211251,26.07680962,A
100,114,2,2,cell,95%,29,40,8,9,57,-6.08276253,40.01249805,B
100,115,2,1,cell,96%,29,26,9,11,78,8.062257748,26.01922366,A
100,115,2,2,cell,96%,30,40,9,10,71,-6.0,40.0,B
100,116,2,1,cell,97%,29,27,10,11,87,7.071067812,27.01851217,A
100,116,2,2,cell,96%,29,40,8,9,57,-6.08276253,40.01249805,B
100,117,1,1,cell,95%,29,28,10,10,79,6.08276253,28.01785145,A
100,118,2,1,cell,97%,29,29,11,10,87,5.099019514,29.01723626,A
100,118,2,2,cell,95%,30,39,6,7,33,-5.0,39.0,B
100,119,2,1,cell,96%,30,28,10,9,71,6.0,28.0,A
100,119,2,2,cell,97%,30,39,7,7,39,-5.0,39.0,B
100,120,2,1,cell,95%,29,28,10,10,79,6.08276253,28.01785145,A
100,120,2,2,cell,96%,30,40,8,8,51,-6.0,40.0,B
100,121,2,1,cell,96%,28,27,9,10,71,7.280109889,27.07397274,A
100,121,2,2,cell,96%,29,39,8,9,57,-5.099019514,39.01281841,B
100,122,2,1,cell,97%,29,41,10,10,79,-7.071067812,41.01219331,B
100,122,2,2,cell,96%,30,28,10,11,87,6.0,28.0,A
100,123,2,1,cell,95%,29,28,10,11,87,6.08276253,28.01785145,A
100,123,2,2,cell,96%,29,41,8,10,63,-7.071067812,41.01219331,B
100,124,1,1,cell,96%,30,28,9,11,78,6.0,28.0,A
100,125,2,1,cell,97%,29,29,10,9,71,5.099019514,29.01723626,A
100,125,2,2,cell,95%,30,39,6,6,29,-5.0,39.0,B
100,126,2,1,cell,97%,30,29,10,9,71,5.0,29.0,A
100,126,2,2,cell,96%,30,39,7,7,39,-5.0,39.0,B
100,127,2,1,cell,95%,28,29,11,9,78,5.385164807,29.06888371,A
100,127,2,2,cell,96%,29,40,7,8,44,-6.08276253,40.01249805,B
100,128,2,1,cell,96%,29,28,11,9,78,6.08276253,28.01785145,A
100,128,2,2,cell,95%,30,40,8,8,51,-6.0,40.0,B
100,129,2,1,cell,96%,30,27,10,10,79,7.0,27.0,A
100,129,2,2,cell,96%,30,39,9,8,57,-5.0,39.0,B
100,130,1,1,cell,96%,31,29,10,11,87,5.099019514,29.01723626,A
100,131,1,1,cell,96%,29,28,10,9,71,6.08276253,28.01785145,A
100,132,2,1,cell,96%,29,29,10,9,71,5.099019514,29.01723626,A
100,132,2,2,cell,94%,29,39,6,6,29,-5.099019514,39.01281841,B
100,133,2,1,cell,96%,29,28,10,9,71,6.08276253,28.01785145,A
100,133,2,2,cell,96%,30,40,8,8,51,-6.0,40.0,B
100,134,2,1,cell,95%,30,28,10,9,71,6.0,28.0,A
100,134,2,2,cell,95%,31,40,8,8,51,-6.08276253,40.01249805,B
100,135,2,1,cell,95%,30,28,10,10,79,6.0,28.0,A
100,135,2,2,cell,96%,31,40,8,8,51,-6.08276253,40.01249805,B
100,136,2,1,cell,96%,28,28,11,10,87,6.32455532,28.0713377,A
100,136,2,2,cell,95%,29,40,9,10,71,-6.08276253,40.01249805,B
100,137,2,1,cell,96%,29,28,10,11,87,6.08276253,28.01785145,A
100,137,2,2,cell,96%,29,40,9,9,64,-6.08276253,40.01249805,B
100,138,1,1,cell,95%,29,29,10,10,79,5.099019514,29.01723626,A
100,139,2,1,cell,96%,30,28,10,9,71,6.0,28.0,A
100,139,2,2,cell,59%,31,38,4,6,19,-4.123105626,38.01315562,B
100,140,2,1,cell,97%,29,29,9,9,64,5.099019514,29.01723626,A
100,140,2,2,cell,96%,30,40,7,8,44,-6.0,40.0,B
100,141,2,1,cell,95%,29,28,10,9,71,6.08276253,28.01785145,A
100,141,2,2,cell,96%,30,39,8,8,51,-5.0,39.0,B
100,142,2,1,cell,97%,29,28,10,11,87,6.08276253,28.01785145,A
100,142,2,2,cell,96%,29,40,7,8,44,-6.08276253,40.01249805,B
100,143,2,1,cell,95%,28,28,11,11,96,6.32455532,28.0713377,A
100,143,2,2,cell,95%,29,41,9,10,71,-7.071067812,41.01219331,B
100,144,2,1,cell,95%,30,28,10,10,79,6.0,28.0,A
100,144,2,2,cell,96%,30,41,10,10,79,-7.0,41.0,B
100,145,1,1,cell,96%,28,29,10,10,79,5.385164807,29.06888371,A
100,146,2,1,cell,96%,29,28,11,10,87,6.08276253,28.01785145,A
100,146,2,2,cell,90%,30,37,5,5,20,-3.0,37.0,B
100,147,2,1,cell,96%,29,28,9,9,64,6.08276253,28.01785145,A
100,147,2,2,cell,93%,29,38,7,7,39,-4.123105626,38.01315562,B
100,148,2,1,cell,96%,30,27,10,9,71,7.0,27.0,A
100,148,2,2,cell,95%,30,39,7,8,44,-5.0,39.0,B
100,149,3,1,cell,85%,8,45,17,15,201,-24.59674775,50.08991915,B
100,149,3,2,cell,96%,32,25,10,9,71,9.219544457,25.07987241,A
100,149,3,3,cell,94%,32,37,8,9,57,-3.605551275,37.05401463,B
100,150,3,1,cell,85%,10,43,16,17,214,-21.9317122,47.42362281,B
100,150,3,2,cell,96%,32,24,10,11,87,10.19803903,24.08318916,A
100,150,3,3,cell,95%,32,37,8,9,57,-3.605551275,37.05401463,B
100,151,2,1,cell,96%,29,25,9,11,78,9.055385138,25.01999201,A
100,151,2,2,cell,96%,30,38,9,9,64,-4.0,38.0,B
100,152,1,1,cell,95%,28,27,9,11,78,7.280109889,27.07397274,A
100,153,1,1,cell,95%,29,27,10,10,79,7.071067812,27.01851217,A
100,154,2,1,cell,96%,29,28,10,10,79,6.08276253,28.01785145,A
100,154,2,2,cell,88%,30,38,6,7,33,-4.0,38.0,B
100,155,2,1,cell,96%,29,27,10,10,79,7.071067812,27.01851217,A
100,155,2,2,cell,96%,30,39,8,8,51,-5.0,39.0,B
100,156,2,1,cell,96%,29,28,10,10,79,6.08276253,28.01785145,A
100,156,2,2,cell,96%,30,39,8,9,57,-5.0,39.0,B
100,157,2,1,cell,96%,28,28,11,10,87,6.32455532,28.0713377,A
100,157,2,2,cell,96%,28,40,9,9,64,-6.32455532,40.04996879,B
100,158,2,1,cell,96%,29,26,10,11,87,8.062257748,26.01922366,A
100,158,2,2,cell,96%,28,40,9,11,78,-6.32455532,40.04996879,B
100,159,1,1,cell,96%,29,27,9,11,78,7.071067812,27.01851217,A
100,160,1,1,cell,96%,28,27,9,11,78,7.280109889,27.07397274,A
100,161,2,1,cell,97%,29,27,9,11,78,7.071067812,27.01851217,A
100,161,2,2,cell,85%,30,38,7,8,44,-4.0,38.0,B
100,162,2,1,cell,95%,29,27,10,10,79,7.071067812,27.01851217,A
100,162,2,2,cell,96%,30,39,8,8,51,-5.0,39.0,B
100,163,2,1,cell,96%,29,26,9,10,71,8.062257748,26.01922366,A
100,163,2,2,cell,96%,30,39,8,9,57,-5.0,39.0,B
100,164,2,1,cell,94%,27,27,9,11,78,7.615773106,27.16615541,A
100,164,2,2,cell,95%,29,39,8,9,57,-5.099019514,39.01281841,B
100,165,2,1,cell,94%,29,26,9,10,71,8.062257748,26.01922366,A
100,165,2,2,cell,96%,29,40,9,10,71,-6.08276253,40.01249805,B
100,166,2,1,cell,95%,30,41,10,11,87,-7.0,41.0,B
100,166,2,2,cell,95%,29,26,9,11,78,8.062257748,26.01922366,A
100,167,2,1,cell,95%,29,26,9,11,78,8.062257748,26.01922366,A
100,167,2,2,cell,96%,30,41,10,12,95,-7.0,41.0,B
100,168,2,1,cell,96%,29,27,10,11,87,7.071067812,27.01851217,A
100,168,2,2,cell,84%,28,39,7,8,44,-5.385164807,39.05124838,B
100,169,2,1,cell,96%,29,27,10,10,79,7.071067812,27.01851217,A
100,169,2,2,cell,95%,29,39,7,9,50,-5.099019514,39.01281841,B
100,170,2,1,cell,96%,28,26,9,10,71,8.246211251,26.07680962,A
100,170,2,2,cell,96%,30,39,8,9,57,-5.0,39.0,B
100,171,2,1,cell,94%,28,26,10,11,87,8.246211251,26.07680962,A
100,171,2,2,cell,96%,29,39,8,9,57,-5.099019514,39.01281841,B
100,172,2,1,cell,94%,29,26,10,11,87,8.062257748,26.01922366,A
100,172,2,2,cell,96%,28,41,9,10,71,-7.280109889,41.0487515,B
100,173,2,1,cell,94%,29,26,10,12,95,8.062257748,26.01922366,A
100,173,2,2,cell,95%,29,40,10,11,87,-6.08276253,40.01249805,B
100,174,1,1,cell,97%,29,27,10,12,95,7.071067812,27.01851217,A
100,175,2,1,cell,97%,29,27,10,11,87,7.071067812,27.01851217,A
100,175,2,2,cell,91%,30,38,5,6,24,-4.0,38.0,B
100,176,2,1,cell,97%,28,26,9,11,78,8.246211251,26.07680962,A
100,176,2,2,cell,94%,29,39,7,8,44,-5.099019514,39.01281841,B
100,177,2,1,cell,96%,28,26,9,10,71,8.246211251,26.07680962,A
100,177,2,2,cell,95%,30,39,8,8,51,-5.0,39.0,B
100,178,2,1,cell,96%,29,26,10,11,87,8.062257748,26.01922366,A
100,178,2,2,cell,96%,30,40,8,9,57,-6.0,40.0,B
100,179,2,1,cell,95%,30,25,10,11,87,9.0,25.0,A
100,179,2,2,cell,95%,30,39,8,9,57,-5.0,39.0,B
100,180,2,1,cell,96%,29,25,10,11,87,9.055385138,25.01999201,A
100,180,2,2,cell,96%,29,40,8,9,57,-6.08276253,40.01249805,B
100,181,2,1,cell,96%,28,26,9,10,71,8.246211251,26.07680962,A
100,181,2,2,cell,96%,29,41,8,10,63,-7.071067812,41.01219331,B
100,182,2,1,cell,96%,29,40,10,11,87,-6.08276253,40.01249805,B
100,182,2,2,cell,97%,30,26,10,13,103,8.0,26.0,A
100,183,2,1,cell,96%,29,25,10,12,95,9.055385138,25.01999201,A
100,183,2,2,cell,93%,29,40,9,10,71,-6.08276253,40.01249805,B
100,184,1,1,cell,96%,29,26,9,11,78,8.062257748,26.01922366,A
100,185,2,1,cell,96%,28,26,9,11,78,8.246211251,26.07680962,A
100,185,2,2,cell,95%,29,39,7,8,44,-5.099019514,39.01281841,B
100,186,2,1,cell,96%,29,27,9,10,71,7.071067812,27.01851217,A
100,186,2,2,cell,96%,30,40,7,9,50,-6.0,40.0,B
100,187,2,1,cell,93%,29,26,9,10,71,8.062257748,26.01922366,A
100,187,2,2,cell,96%,30,39,8,8,51,-5.0,39.0,B
100,188,2,1,cell,95%,29,26,9,11,78,8.062257748,26.01922366,A
100,188,2,2,cell,96%,30,41,8,10,63,-7.0,41.0,B
100,189,2,1,cell,94%,29,26,9,12,85,8.062257748,26.01922366,A
100,189,2,2,cell,96%,30,39,9,9,64,-5.0,39.0,B
100,190,2,1,cell,95%,29,27,9,12,85,7.071067812,27.01851217,A
100,190,2,2,cell,96%,29,41,9,10,71,-7.071067812,41.01219331,B
100,191,1,1,cell,95%,29,26,9,11,78,8.062257748,26.01922366,A
100,192,1,1,cell,96%,28,27,9,10,71,7.280109889,27.07397274,A
100,193,2,1,cell,95%,29,26,9,10,71,8.062257748,26.01922366,A
100,193,2,2,cell,93%,30,38,8,8,51,-4.0,38.0,B
100,194,2,1,cell,96%,29,26,9,10,71,8.062257748,26.01922366,A
100,194,2,2,cell,95%,30,38,8,9,57,-4.0,38.0,B
100,195,2,1,cell,95%,28,26,9,11,78,8.246211251,26.07680962,A
100,195,2,2,cell,96%,29,39,8,9,57,-5.099019514,39.01281841,B
100,196,2,1,cell,94%,28,25,9,11,78,9.219544457,25.07987241,A
100,196,2,2,cell,96%,30,40,8,10,63,-6.0,40.0,B
100,197,2,1,cell,94%,29,25,9,11,78,9.055385138,25.01999201,A
100,197,2,2,cell,96%,29,41,9,11,78,-7.071067812,41.01219331,B
100,198,2,1,cell,96%,28,26,9,11,78,8.246211251,26.07680962,A
100,198,2,2,cell,97%,29,41,9,10,71,-7.071067812,41.01219331,B
100,199,1,1,cell,96%,30,25,10,11,87,9.0,25.0,A
100,200,1,1,cell,95%,29,25,9,10,71,9.055385138,25.01999201,A
100,201,2,1,cell,94%,29,25,9,11,78,9.055385138,25.01999201,A
100,201,2,2,cell,95%,30,38,7,8,44,-4.0,38.0,B
100,202,2,1,cell,82%,28,25,8,11,70,9.219544457,25.07987241,A
100,202,2,2,cell,94%,28,38,7,9,50,-4.472135955,38.05259518,B
100,203,2,1,cell,85%,29,25,10,13,103,9.055385138,25.01999201,A
100,203,2,2,cell,95%,28,38,7,9,50,-4.472135955,38.05259518,B
100,204,2,1,cell,92%,28,25,9,12,85,9.219544457,25.07987241,A
100,204,2,2,cell,95%,28,39,9,9,64,-5.385164807,39.05124838,B
100,205,2,1,cell,95%,29,25,10,13,103,9.055385138,25.01999201,A
100,205,2,2,cell,95%,29,40,9,11,78,-6.08276253,40.01249805,B
100,206,1,1,cell,95%,28,26,8,12,76,8.246211251,26.07680962,A
100,207,1,1,cell,95%,28,25,9,13,92,9.219544457,25.07987241,A
100,208,1,1,cell,95%,28,25,9,12,85,9.219544457,25.07987241,A
100,209,2,1,cell,95%,29,25,10,12,95,9.055385138,25.01999201,A
100,209,2,2,cell,77%,29,38,7,8,44,-4.123105626,38.01315562,B
100,210,2,1,cell,95%,29,25,10,11,87,9.055385138,25.01999201,A
100,210,2,2,cell,92%,30,38,8,8,51,-4.0,38.0,B
100,211,2,1,cell,96%,29,25,10,11,87,9.055385138,25.01999201,A
100,211,2,2,cell,96%,29,39,7,9,50,-5.099019514,39.01281841,B
100,212,2,1,cell,96%,28,26,10,11,87,8.246211251,26.07680962,A
100,212,2,2,cell,96%,28,40,8,9,57,-6.32455532,40.04996879,B
100,213,2,1,cell,94%,30,25,10,11,87,9.0,25.0,A
100,213,2,2,cell,95%,30,40,9,10,71,-6.0,40.0,B
100,214,2,1,cell,95%,29,26,9,11,78,8.062257748,26.01922366,A
100,214,2,2,cell,96%,29,41,9,10,71,-7.071067812,41.01219331,B
100,215,2,1,cell,96%,28,25,9,11,78,9.219544457,25.07987241,A
100,215,2,2,cell,96%,29,41,9,10,71,-7.071067812,41.01219331,B
100,216,2,1,cell,96%,29,26,9,11,78,8.062257748,26.01922366,A
100,216,2,2,cell,96%,29,40,9,11,78,-6.08276253,40.01249805,B
100,217,2,1,cell,95%,30,41,10,10,79,-7.0,41.0,B
100,217,2,2,cell,95%,29,26,9,10,71,8.062257748,26.01922366,A
100,218,2,1,cell,94%,28,41,9,11,78,-7.280109889,41.0487515,B
100,218,2,2,cell,97%,28,26,9,11,78,8.246211251,26.07680962,A
100,219,2,1,cell,93%,28,42,10,11,87,-8.246211251,42.04759208,B
100,219,2,2,cell,97%,29,26,10,11,87,8.062257748,26.01922366,A
100,220,2,1,cell,96%,31,40,10,11,87,-6.08276253,40.01249805,B
100,220,2,2,cell,97%,30,26,9,11,78,8.0,26.0,A
100,221,2,1,cell,93%,29,42,10,10,79,-8.062257748,42.01190308,B
100,221,2,2,cell,97%,29,26,9,11,78,8.062257748,26.01922366,A
100,222,2,1,cell,93%,28,41,11,11,96,-7.280109889,41.0487515,B
100,222,2,2,cell,97%,29,26,10,11,87,8.062257748,26.01922366,A
100,223,2,1,cell,95%,29,40,11,11,96,-6.08276253,40.01249805,B
100,223,2,2,cell,97%,29,26,10,11,87,8.062257748,26.01922366,A
100,224,2,1,cell,91%,27,42,11,11,96,-8.544003745,42.10700654,B
100,224,2,2,cell,97%,29,26,10,11,87,8.062257748,26.01922366,A
100,225,2,1,cell,93%,29,42,11,11,96,-8.062257748,42.01190308,B
100,225,2,2,cell,97%,30,26,10,11,87,8.0,26.0,A
100,226,2,1,cell,93%,28,43,11,12,104,-9.219544457,43.0464865,B
100,226,2,2,cell,97%,30,26,10,11,87,8.0,26.0,A
100,227,2,1,cell,92%,29,42,12,12,114,-8.062257748,42.01190308,B
100,227,2,2,cell,96%,29,26,10,11,87,8.062257748,26.01922366,A
100,228,2,1,cell,95%,29,41,12,12,114,-7.071067812,41.01219331,B
100,228,2,2,cell,96%,30,25,10,11,87,9.0,25.0,A
100,229,2,1,cell,93%,29,43,12,12,114,-9.055385138,43.01162634,B
100,229,2,2,cell,97%,29,26,10,11,87,8.062257748,26.01922366,A
100,230,2,1,cell,92%,29,41,12,11,104,-7.071067812,41.01219331,B
100,230,2,2,cell,96%,29,26,11,12,104,8.062257748,26.01922366,A
100,231,2,1,cell,92%,29,41,12,11,104,-7.071067812,41.01219331,B
100,231,2,2,cell,97%,29,26,10,12,95,8.062257748,26.01922366,A
100,232,2,1,cell,93%,29,42,12,11,104,-8.062257748,42.01190308,B
100,232,2,2,cell,96%,29,27,10,12,95,7.071067812,27.01851217,A
100,233,2,1,cell,92%,29,43,13,12,123,-9.055385138,43.01162634,B
100,233,2,2,cell,97%,29,26,10,12,95,8.062257748,26.01922366,A
100,234,2,1,cell,89%,28,41,12,12,114,-7.280109889,41.0487515,B
100,234,2,2,cell,96%,28,24,11,13,113,10.19803903,24.08318916,A
100,235,2,1,cell,90%,28,42,13,12,123,-8.246211251,42.04759208,B
100,235,2,2,cell,96%,30,25,10,13,103,9.0,25.0,A
100,236,2,1,cell,90%,29,42,12,13,123,-8.062257748,42.01190308,B
100,236,2,2,cell,95%,29,26,10,12,95,8.062257748,26.01922366,A
100,237,2,1,cell,93%,29,41,13,12,123,-7.071067812,41.01219331,B
100,237,2,2,cell,97%,30,24,10,13,103,10.0,24.0,A
100,238,2,1,cell,87%,29,40,14,11,121,-6.08276253,40.01249805,B
100,238,2,2,cell,96%,30,24,10,13,103,10.0,24.0,A
100,239,2,1,cell,93%,29,40,14,11,121,-6.08276253,40.01249805,B
100,239,2,2,cell,94%,29,25,10,12,95,9.055385138,25.01999201,A
100,240,3,1,cell,75%,26,17,8,9,57,17.4642492,17.4642492,A
100,240,3,2,cell,74%,28,40,12,11,104,-6.32455532,40.04996879,B
100,240,3,3,cell,94%,29,25,10,12,95,9.055385138,25.01999201,A
100,241,3,1,cell,49%,25,15,7,9,50,19.6468827,15.8113883,A
100,241,3,2,cell,92%,29,40,13,11,113,-6.08276253,40.01249805,B
100,241,3,3,cell,95%,29,25,9,12,85,9.055385138,25.01999201,A
100,242,3,1,cell,92%,25,15,8,10,63,19.6468827,15.8113883,A
100,242,3,2,cell,94%,29,41,13,12,123,-7.071067812,41.01219331,B
100,242,3,3,cell,95%,30,25,10,11,87,9.0,25.0,A
100,243,4,1,cell,91%,24,14,8,10,63,20.88061302,15.23154621,A
100,243,4,2,cell,25%,26,16,8,9,57,18.43908891,16.4924225,A
100,243,4,3,cell,86%,29,40,14,11,121,-6.08276253,40.01249805,B
100,243,4,4,cell,95%,29,26,10,12,95,8.062257748,26.01922366,A
100,244,3,1,cell,88%,25,13,8,10,63,21.58703314,13.92838828,A
100,244,3,2,cell,90%,29,40,14,11,121,-6.08276253,40.01249805,B
100,244,3,3,cell,95%,30,25,10,11,87,9.0,25.0,A
100,245,3,1,cell,88%,24,13,9,10,71,21.84032967,14.31782106,A
100,245,3,2,cell,88%,28,43,13,12,123,-9.219544457,43.0464865,B
100,245,3,3,cell,96%,29,25,10,12,95,9.055385138,25.01999201,A
100,246,3,1,cell,91%,24,11,9,9,64,23.76972865,12.52996409,A
100,246,3,2,cell,86%,29,42,13,13,133,-8.062257748,42.01190308,B
100,246,3,3,cell,96%,30,24,10,13,103,10.0,24.0,A
100,247,3,1,cell,83%,23,11,9,11,78,24.04163056,13.03840481,A
100,247,3,2,cell,92%,29,40,14,11,121,-6.08276253,40.01249805,B
100,247,3,3,cell,95%,29,24,10,13,103,10.04987562,24.0208243,A
100,248,3,1,cell,29%,20,9,8,11,70,26.92582404,13.45362405,A
100,248,3,2,cell,93%,29,41,13,11,113,-7.071067812,41.01219331,B
100,248,3,3,cell,95%,29,26,10,12,95,8.062257748,26.01922366,A
100,249,2,1,cell,80%,28,41,12,11,104,-7.280109889,41.0487515,B
100,249,2,2,cell,95%,29,25,10,13,103,9.055385138,25.01999201,A
100,250,3,1,cell,71%,18,5,7,11,61,31.38470965,13.0,A
100,250,3,2,cell,88%,28,42,13,10,103,-8.246211251,42.04759208,B
100,250,3,3,cell,95%,28,26,10,12,95,8.246211251,26.07680962,A
100,251,3,1,cell,93%,19,8,8,10,63,28.23118843,13.60147051,A
100,251,3,2,cell,91%,29,46,12,12,114,-12.04159458,46.01086828,B
100,251,3,3,cell,96%,29,30,10,13,103,4.123105626,30.01666204,A
100,252,4,1,cell,89%,18,5,9,10,71,31.38470965,13.0,A
100,252,4,2,cell,37%,26,16,9,11,78,18.43908891,16.4924225,A
100,252,4,3,cell,90%,29,43,12,11,104,-9.055385138,43.01162634,B
100,252,4,4,cell,96%,30,27,10,13,103,7.0,27.0,A
100,253,4,1,cell,90%,19,5,10,10,79,31.01612484,12.08304597,A
100,253,4,2,cell,30%,25,14,8,10,63,20.61552813,14.86606875,A
100,253,4,3,cell,85%,29,43,12,11,104,-9.055385138,43.01162634,B
100,253,4,4,cell,96%,29,27,9,12,85,7.071067812,27.01851217,A
100,254,4,1,cell,93%,19,7,9,10,71,29.15475947,13.03840481,A
100,254,4,2,cell,31%,27,19,8,11,70,15.29705854,19.23538406,A
100,254,4,3,cell,90%,30,46,13,12,123,-12.0,46.0,B
100,254,4,4,cell,96%,29,30,9,12,85,4.123105626,30.01666204,A
100,255,3,1,cell,93%,19,6,10,12,95,30.08321791,12.52996409,A
100,255,3,2,cell,85%,30,47,13,12,123,-13.0,47.0,B
100,255,3,3,cell,95%,31,29,10,11,87,5.099019514,29.01723626,A
100,256,4,1,cell,93%,20,6,10,11,87,29.73213749,11.66190379,A
100,256,4,2,cell,50%,27,19,9,11,78,15.29705854,19.23538406,A
100,256,4,3,cell,73%,30,46,11,11,96,-12.0,46.0,B
100,256,4,4,cell,94%,31,30,10,11,87,4.123105626,30.01666204,A
100,257,4,1,cell,92%,18,6,11,13,113,30.46309242,13.41640786,A
100,257,4,2,cell,40%,24,18,9,10,71,17.08800749,18.97366596,A
100,257,4,3,cell,85%,30,46,12,12,114,-12.0,46.0,B
100,257,4,4,cell,96%,30,29,10,11,87,5.0,29.0,A
100,258,3,1,cell,93%,18,6,11,12,104,30.46309242,13.41640786,A
100,258,3,2,cell,87%,30,46,12,11,104,-12.0,46.0,B
100,258,3,3,cell,95%,31,30,10,11,87,4.123105626,30.01666204,A
100,259,3,1,cell,93%,19,6,12,12,114,30.08321791,12.52996409,A
100,259,3,2,cell,86%,30,45,12,11,104,-11.0,45.0,B
100,259,3,3,cell,95%,30,29,10,11,87,5.0,29.0,A
100,260,3,1,cell,93%,19,6,12,13,123,30.08321791,12.52996409,A
100,260,3,2,cell,87%,31,45,12,11,104,-11.04536102,45.01110974,B
100,260,3,3,cell,94%,31,29,10,11,87,5.099019514,29.01723626,A
100,261,4,1,cell,92%,18,6,13,13,133,30.46309242,13.41640786,A
100,261,4,2,cell,46%,26,18,8,11,70,16.4924225,18.43908891,A
100,261,4,3,cell,83%,30,45,13,11,113,-11.0,45.0,B
100,261,4,4,cell,95%,30,29,11,11,96,5.0,29.0,A
100,262,3,1,cell,92%,19,6,12,13,123,30.08321791,12.52996409,A
100,262,3,2,cell,83%,30,47,12,11,104,-13.0,47.0,B
100,262,3,3,cell,96%,30,29,10,11,87,5.0,29.0,A
100,263,3,1,cell,92%,18,7,12,14,132,29.54657341,13.89244399,A
100,263,3,2,cell,87%,30,47,12,11,104,-13.0,47.0,B
100,263,3,3,cell,96%,30,30,10,11,87,4.0,30.0,A
100,264,4,1,cell,92%,19,7,12,14,132,29.15475947,13.03840481,A
100,264,4,2,cell,50%,26,20,9,11,78,14.56021978,20.39607805,A
100,264,4,3,cell,89%,30,47,12,10,95,-13.0,47.0,B
100,264,4,4,cell,95%,31,31,10,12,95,3.16227766,31.01612484,A
100,265,3,1,cell,91%,18,6,12,14,132,30.46309242,13.41640786,A
100,265,3,2,cell,87%,30,46,12,11,104,-12.0,46.0,B
100,265,3,3,cell,96%,30,30,10,11,87,4.0,30.0,A
100,266,3,1,cell,91%,18,7,12,14,132,29.54657341,13.89244399,A
100,266,3,2,cell,88%,30,47,12,11,104,-13.0,47.0,B
100,266,3,3,cell,96%,30,30,10,11,87,4.0,30.0,A
100,267,4,1,cell,92%,18,7,13,14,143,29.54657341,13.89244399,A
100,267,4,2,cell,74%,26,19,8,11,70,15.5241747,19.41648784,A
100,267,4,3,cell,85%,30,46,13,11,113,-12.0,46.0,B
100,267,4,4,cell,97%,30,30,10,12,95,4.0,30.0,A
100,268,4,1,cell,92%,19,8,13,14,143,28.23118843,13.60147051,A
100,268,4,2,cell,78%,26,20,9,10,71,14.56021978,20.39607805,A
100,268,4,3,cell,79%,30,48,12,11,104,-14.0,48.0,B
100,268,4,4,cell,95%,32,31,10,10,79,3.605551275,31.06444913,A
100,269,3,1,cell,90%,18,7,12,14,132,29.54657341,13.89244399,A
100,269,3,2,cell,54%,30,47,10,11,87,-13.0,47.0,B
100,269,3,3,cell,94%,31,30,10,11,87,4.123105626,30.01666204,A
100,270,4,1,cell,91%,18,7,13,14,143,29.54657341,13.89244399,A
100,270,4,2,cell,39%,26,20,9,11,78,14.56021978,20.39607805,A
100,270,4,3,cell,71%,30,49,13,13,133,-15.0,49.0,B
100,270,4,4,cell,96%,32,32,10,12,95,2.828427125,32.06243908,A
100,271,4,1,cell,92%,19,8,13,14,143,28.23118843,13.60147051,A
100,271,4,2,cell,29%,28,51,8,11,70,-17.11724277,51.03920062,B
100,271,4,3,cell,66%,30,50,11,13,113,-16.0,50.0,B
100,271,4,4,cell,96%,31,32,11,13,113,2.236067977,32.01562119,A
100,272,3,1,cell,93%,18,7,13,14,143,29.54657341,13.89244399,A
100,272,3,2,cell,78%,30,48,12,13,123,-14.0,48.0,B
100,272,3,3,cell,95%,31,31,11,13,113,3.16227766,31.01612484,A
100,273,4,1,cell,91%,19,8,13,14,143,28.23118843,13.60147051,A
100,273,4,2,cell,52%,26,19,9,11,78,15.5241747,19.41648784,A
100,273,4,3,cell,86%,31,49,12,13,123,-15.03329638,49.01020302,B
100,273,4,4,cell,96%,31,31,10,11,87,3.16227766,31.01612484,A
100,274,4,1,cell,91%,19,7,13,13,133,29.15475947,13.03840481,A
100,274,4,2,cell,47%,27,20,9,11,78,14.31782106,20.22374842,A
100,274,4,3,cell,87%,30,49,11,13,113,-15.0,49.0,B
100,274,4,4,cell,96%,31,32,11,12,104,2.236067977,32.01562119,A
100,275,3,1,cell,93%,19,7,12,14,132,29.15475947,13.03840481,A
100,275,3,2,cell,84%,30,50,12,12,114,-16.0,50.0,B
100,275,3,3,cell,95%,31,31,11,11,96,3.16227766,31.01612484,A
100,276,3,1,cell,90%,18,7,13,14,143,29.54657341,13.89244399,A
100,276,3,2,cell,84%,30,49,12,12,114,-15.0,49.0,B
100,276,3,3,cell,96%,31,31,10,11,87,3.16227766,31.01612484,A
100,277,3,1,cell,92%,18,8,13,15,154,28.63564213,14.4222051,A
100,277,3,2,cell,90%,30,50,12,13,123,-16.0,50.0,B
100,277,3,3,cell,96%,31,33,10,12,95,1.414213562,33.01514804,A
100,278,5,1,cell,91%,19,7,12,14,132,29.15475947,13.03840481,A
100,278,5,2,cell,27%,25,19,9,8,57,15.8113883,19.6468827,A
100,278,5,3,cell,85%,30,50,12,12,114,-16.0,50.0,B
100,278,5,4,cell,94%,31,31,10,11,87,3.16227766,31.01612484,A
100,278,5,5,cell,94%,37,19,10,9,71,16.55294536,20.24845673,A
100,279,4,1,cell,92%,18,7,12,14,132,29.54657341,13.89244399,A
100,279,4,2,cell,74%,27,20,10,10,79,14.31782106,20.22374842,A
100,279,4,3,cell,64%,29,50,11,12,104,-16.03121954,50.009999,B
100,279,4,4,cell,96%,31,31,10,11,87,3.16227766,31.01612484,A
100,280,4,1,cell,92%,19,7,12,14,132,29.15475947,13.03840481,A
100,280,4,2,cell,70%,28,20,10,11,87,14.14213562,20.09975124,A
100,280,4,3,cell,70%,31,48,12,11,104,-14.03566885,48.01041554,B
100,280,4,4,cell,97%,31,31,11,12,104,3.16227766,31.01612484,A
100,281,3,1,cell,92%,19,7,12,15,142,29.15475947,13.03840481,A
100,281,3,2,cell,83%,30,46,11,11,96,-12.0,46.0,B
100,281,3,3,cell,96%,32,30,10,13,103,4.472135955,30.06659276,A
100,282,4,1,cell,92%,17,7,13,14,143,29.96664813,14.76482306,A
100,282,4,2,cell,34%,26,19,9,11,78,15.5241747,19.41648784,A
100,282,4,3,cell,75%,29,49,13,12,123,-15.03329638,49.01020302,B
100,282,4,4,cell,96%,31,32,10,12,95,2.236067977,32.01562119,A
100,283,3,1,cell,92%,18,7,13,14,143,29.54657341,13.89244399,A
100,283,3,2,cell,79%,30,49,12,11,104,-15.0,49.0,B
100,283,3,3,cell,96%,31,31,10,11,87,3.16227766,31.01612484,A
100,284,3,1,cell,90%,17,8,13,15,154,29.06888371,15.26433752,A
100,284,3,2,cell,84%,30,49,12,11,104,-15.0,49.0,B
100,284,3,3,cell,95%,31,32,10,12,95,2.236067977,32.01562119,A
100,285,3,1,cell,93%,18,9,13,15,154,27.73084925,15.0,A
100,285,3,2,cell,72%,30,50,11,12,104,-16.0,50.0,B
100,285,3,3,cell,97%,31,32,11,13,113,2.236067977,32.01562119,A
100,286,4,1,cell,91%,17,7,12,14,132,29.96664813,14.76482306,A
100,286,4,2,cell,86%,30,48,12,12,114,-14.0,48.0,B
100,286,4,3,cell,91%,31,12,10,10,79,22.02271555,12.04159458,A
100,286,4,4,cell,96%,32,30,10,12,95,4.472135955,30.06659276,A
100,287,4,1,cell,91%,17,8,13,16,164,29.06888371,15.26433752,A
100,287,4,2,cell,90%,30,50,12,12,114,-16.0,50.0,B
100,287,4,3,cell,96%,31,31,10,11,87,3.16227766,31.01612484,A
100,287,4,4,cell,94%,30,12,9,9,64,22.0,12.0,A
100,288,4,1,cell,88%,17,8,12,14,132,29.06888371,15.26433752,A
100,288,4,2,cell,91%,30,50,12,11,104,-16.0,50.0,B
100,288,4,3,cell,95%,31,31,10,12,95,3.16227766,31.01612484,A
100,288,4,4,cell,94%,30,11,9,9,64,23.0,11.0,A
100,289,4,1,cell,89%,17,8,13,14,143,29.06888371,15.26433752,A
100,289,4,2,cell,92%,30,50,13,12,123,-16.0,50.0,B
100,289,4,3,cell,95%,31,31,10,11,87,3.16227766,31.01612484,A
100,289,4,4,cell,91%,31,10,11,11,96,24.0208243,10.04987562,A
100,290,5,1,cell,89%,17,8,13,15,154,29.06888371,15.26433752,A
100,290,5,2,cell,27%,27,20,8,10,63,14.31782106,20.22374842,A
100,290,5,3,cell,92%,31,50,12,12,114,-16.03121954,50.009999,B
100,290,5,4,cell,96%,31,32,10,12,95,2.236067977,32.01562119,A
100,290,5,5,cell,92%,33,10,10,12,95,24.18677324,10.44030651,A
100,291,4,1,cell,92%,18,8,14,15,165,28.63564213,14.4222051,A
100,291,4,2,cell,92%,30,50,13,12,123,-16.0,50.0,B
100,291,4,3,cell,94%,31,31,11,11,96,3.16227766,31.01612484,A
100,291,4,4,cell,91%,34,9,10,11,87,25.3179778,9.848857802,A
100,292,5,1,cell,88%,18,10,13,16,164,26.83281573,15.62049935,A
100,292,5,2,cell,28%,27,20,9,9,64,14.31782106,20.22374842,A
100,292,5,3,cell,90%,31,49,12,11,104,-15.03329638,49.01020302,B
100,292,5,4,cell,96%,31,32,11,13,113,2.236067977,32.01562119,A
100,292,5,5,cell,92%,33,10,11,12,104,24.18677324,10.44030651,A
100,293,5,1,cell,88%,16,8,13,15,154,29.52964612,16.1245155,A
100,293,5,2,cell,32%,19,51,13,9,92,-20.24845673,52.17278984,B
100,293,5,3,cell,91%,29,50,12,12,114,-16.03121954,50.009999,B
100,293,5,4,cell,93%,31,31,11,11,96,3.16227766,31.01612484,A
100,293,5,5,cell,89%,33,9,11,12,104,25.17935662,9.486832981,A
100,294,5,1,cell,91%,17,8,13,14,143,29.06888371,15.26433752,A
100,294,5,2,cell,90%,30,49,13,12,123,-15.0,49.0,B
100,294,5,3,cell,28%,31,11,11,10,87,23.02172887,11.04536102,A
100,294,5,4,cell,96%,31,30,11,13,113,4.123105626,30.01666204,A
100,294,5,5,cell,89%,33,7,11,13,113,27.16615541,7.615773106,A
100,295,6,1,cell,88%,17,6,12,12,114,30.87069808,14.31782106,A
100,295,6,2,cell,39%,20,49,15,11,130,-18.02775638,50.009999,B
100,295,6,3,cell,92%,30,47,12,12,114,-13.0,47.0,B
100,295,6,4,cell,87%,29,12,11,8,70,22.02271555,12.04159458,A
100,295,6,5,cell,95%,30,28,11,11,96,6.0,28.0,A
100,295,6,6,cell,31%,33,3,13,7,72,31.144823,4.242640687,A
100,296,5,1,cell,88%,15,6,12,12,114,31.76476035,16.15549442,A
100,296,5,2,cell,88%,29,47,12,12,114,-13.03840481,47.01063709,B
100,296,5,3,cell,85%,28,12,9,9,64,22.09072203,12.16552506,A
100,296,5,4,cell,95%,30,27,10,11,87,7.0,27.0,A
100,296,5,5,cell,79%,35,4,9,9,64,30.41381265,6.403124237,A
100,297,6,1,cell,94%,15,6,13,14,143,31.76476035,16.15549442,A
100,297,6,2,cell,57%,26,2,9,4,29,32.24903099,4.472135955,A
100,297,6,3,cell,87%,28,47,13,13,133,-13.15294644,47.04253395,B
100,297,6,4,cell,96%,31,28,12,12,114,6.08276253,28.01785145,A
100,297,6,5,cell,90%,29,13,9,10,71,21.02379604,13.03840481,A
100,297,6,6,cell,85%,35,5,9,10,71,29.42787794,7.071067812,A
100,298,7,1,cell,89%,15,6,13,13,133,31.76476035,16.15549442,A
100,298,7,2,cell,26%,25,13,10,11,87,21.58703314,13.92838828,A
100,298,7,3,cell,53%,25,2,9,4,29,32.38826948,5.385164807,A
100,298,7,4,cell,90%,29,47,12,12,114,-13.03840481,47.01063709,B
100,298,7,5,cell,96%,29,29,11,12,104,5.099019514,29.01723626,A
100,298,7,6,cell,91%,29,12,9,10,71,22.02271555,12.04159458,A
100,298,7,7,cell,90%,34,4,9,8,57,30.2654919,5.656854249,A
100,299,5,1,cell,87%,15,7,12,14,132,30.88689042,16.55294536,A
100,299,5,2,cell,57%,27,3,12,9,85,31.144823,4.242640687,A
100,299,5,3,cell,57%,29,48,13,13,133,-14.03566885,48.01041554,B
100,299,5,4,cell,96%,30,30,10,11,87,4.0,30.0,A
100,299,5,5,cell,39%,35,6,13,12,123,28.44292531,7.810249676,A
100,300,5,1,cell,87%,15,6,12,12,114,31.76476035,16.15549442,A
100,300,5,2,cell,26%,20,49,14,10,110,-18.02775638,50.009999,B
100,300,5,3,cell,85%,29,46,12,13,123,-12.04159458,46.01086828,B
100,300,5,4,cell,93%,30,29,10,10,79,5.0,29.0,A
100,300,5,5,cell,89%,35,5,10,10,79,29.42787794,7.071067812,A
100,301,4,1,cell,83%,15,6,12,12,114,31.76476035,16.15549442,A
100,301,4,2,cell,92%,29,46,12,12,114,-12.04159458,46.01086828,B
100,301,4,3,cell,96%,30,28,10,10,79,6.0,28.0,A
100,301,4,4,cell,90%,35,4,10,9,71,30.41381265,6.403124237,A
100,302,5,1,cell,52%,14,6,13,12,123,32.24903099,17.08800749,A
100,302,5,2,cell,32%,19,49,13,10,103,-18.60107524,50.21951812,B
100,302,5,3,cell,91%,29,46,12,12,114,-12.04159458,46.01086828,B
100,302,5,4,cell,94%,29,29,11,12,104,5.099019514,29.01723626,A
100,302,5,5,cell,82%,34,5,11,10,87,29.27456234,6.403124237,A
100,303,6,1,cell,56%,13,50,15,10,118,-23.34523506,52.81098371,B
100,303,6,2,cell,81%,15,6,12,13,123,31.76476035,16.15549442,A
100,303,6,3,cell,37%,20,48,13,11,113,-17.20465053,49.03060269,B
100,303,6,4,cell,93%,28,46,11,12,104,-12.16552506,46.04345773,B
100,303,6,5,cell,93%,30,28,9,9,64,6.0,28.0,A
100,303,6,6,cell,50%,35,5,11,10,87,29.42787794,7.071067812,A
100,304,8,1,cell,52%,3,4,7,8,44,40.36087214,27.29468813,A
100,304,8,2,cell,78%,13,10,14,11,121,29.41088234,19.72308292,A
100,304,8,3,cell,57%,13,48,15,10,118,-22.02271555,50.92150823,B
100,304,8,4,cell,87%,24,5,12,10,95,29.61418579,7.810249676,A
100,304,8,5,cell,46%,26,15,9,8,57,19.41648784,15.5241747,A
100,304,8,6,cell,93%,29,46,13,12,123,-12.04159458,46.01086828,B
100,304,8,7,cell,76%,33,20,9,11,78,14.31782106,20.22374842,A
100,304,8,8,cell,59%,33,7,9,11,78,27.16615541,7.615773106,A
100,305,6,1,cell,30%,3,4,7,9,50,40.36087214,27.29468813,A
100,305,6,2,cell,65%,13,10,14,11,121,29.41088234,19.72308292,A
100,305,6,3,cell,75%,12,49,13,10,103,-23.43074903,52.20153254,B
100,305,6,4,cell,90%,24,5,12,11,104,29.61418579,7.810249676,A
100,305,6,5,cell,91%,29,46,13,12,123,-12.04159458,46.01086828,B
100,305,6,6,cell,67%,32,23,11,12,104,11.18033989,23.08679276,A
100,306,6,1,cell,80%,3,5,7,10,55,39.62322551,27.45906044,A
100,306,6,2,cell,79%,14,49,14,9,99,-21.9317122,51.54609588,B
100,306,6,3,cell,89%,25,5,13,11,113,29.42787794,7.071067812,A
100,306,6,4,cell,92%,30,47,12,13,123,-13.0,47.0,B
100,306,6,5,cell,48%,34,22,9,10,71,12.64911064,22.36067977,A
100,306,6,6,cell,74%,35,9,8,12,76,25.49509757,10.29563014,A
100,307,8,1,cell,81%,3,5,7,10,55,39.62322551,27.45906044,A
100,307,8,2,cell,73%,13,49,15,10,118,-22.6715681,51.86520992,B
100,307,8,3,cell,45%,13,11,13,11,113,28.60069929,20.24845673,A
100,307,8,4,cell,91%,24,5,12,10,95,29.61418579,7.810249676,A
100,307,8,5,cell,93%,29,46,13,13,133,-12.04159458,46.01086828,B
100,307,8,6,cell,44%,27,15,9,8,57,19.23538406,15.29705854,A
100,307,8,7,cell,46%,33,23,10,13,103,11.40175425,23.19482701,A
100,307,8,8,cell,82%,33,7,9,9,64,27.16615541,7.615773106,A
100,308,6,1,cell,87%,4,5,7,12,66,38.94868419,26.47640459,A
100,308,6,2,cell,54%,13,11,12,11,104,28.60069929,20.24845673,A
100,308,6,3,cell,85%,15,50,14,10,110,-21.9317122,52.20153254,B
100,308,6,4,cell,93%,25,6,13,10,103,28.44292531,7.810249676,A
100,308,6,5,cell,90%,30,47,11,14,121,-13.0,47.0,B
100,308,6,6,cell,71%,34,8,8,11,70,26.30589288,8.94427191,A
100,309,8,1,cell,81%,4,5,7,12,66,38.94868419,26.47640459,A
100,309,8,2,cell,28%,12,12,11,11,96,28.42534081,21.63330765,A
100,309,8,3,cell,73%,14,50,15,11,130,-22.627417,52.49761899,B
100,309,8,4,cell,92%,25,5,12,10,95,29.42787794,7.071067812,A
100,309,8,5,cell,42%,28,16,9,9,64,18.11077028,16.1245155,A
100,309,8,6,cell,91%,30,47,13,13,133,-13.0,47.0,B
100,309,8,7,cell,57%,33,23,9,12,85,11.40175425,23.19482701,A
100,309,8,8,cell,75%,34,8,8,11,70,26.30589288,8.94427191,A
100,310,7,1,cell,57%,3,4,7,9,50,40.36087214,27.29468813,A
100,310,7,2,cell,85%,13,48,15,10,118,-22.02271555,50.92150823,B
100,310,7,3,cell,61%,12,10,12,11,104,30.0,20.59126028,A
100,310,7,4,cell,89%,25,4,12,9,85,30.41381265,6.403124237,A
100,310,7,5,cell,92%,29,46,13,13,133,-12.04159458,46.01086828,B
100,310,7,6,cell,50%,33,7,11,10,87,27.16615541,7.615773106,A
100,310,7,7,cell,82%,33,21,9,11,78,13.34166406,21.21320344,A
100,311,8,1,cell,88%,4,4,8,11,70,39.69886648,26.30589288,A
100,311,8,2,cell,86%,15,49,14,10,110,-21.21320344,51.2445119,B
100,311,8,3,cell,58%,14,11,11,11,96,28.01785145,19.41648784,A
100,311,8,4,cell,91%,25,5,11,10,87,29.42787794,7.071067812,A
100,311,8,5,cell,27%,30,14,10,7,55,20.0,14.0,A
100,311,8,6,cell,91%,32,46,14,14,154,-12.16552506,46.04345773,B
100,311,8,7,cell,79%,34,7,9,10,71,27.29468813,8.062257748,A
100,311,8,8,cell,69%,35,21,9,10,71,13.92838828,21.58703314,A
100,312,6,1,cell,88%,3,5,7,12,66,39.62322551,27.45906044,A
100,312,6,2,cell,87%,14,49,15,11,130,-21.9317122,51.54609588,B
100,312,6,3,cell,29%,13,11,10,11,87,28.60069929,20.24845673,A
100,312,6,4,cell,89%,25,5,10,11,87,29.42787794,7.071067812,A
100,312,6,5,cell,90%,30,46,13,14,143,-12.0,46.0,B
100,312,6,6,cell,66%,34,7,8,11,70,27.29468813,8.062257748,A
100,313,6,1,cell,84%,4,5,7,12,66,38.94868419,26.47640459,A
100,313,6,2,cell,70%,15,49,16,11,139,-21.21320344,51.2445119,B
100,313,6,3,cell,59%,15,12,14,12,132,26.62705391,19.20937271,A
100,313,6,4,cell,93%,26,5,13,10,103,29.27456234,6.403124237,A
100,313,6,5,cell,53%,29,16,10,8,63,18.02775638,16.03121954,A
100,313,6,6,cell,88%,32,47,14,13,143,-13.15294644,47.04253395,B
100,314,7,1,cell,71%,4,5,6,12,57,38.94868419,26.47640459,A
100,314,7,2,cell,82%,14,50,14,10,110,-22.627417,52.49761899,B
100,314,7,3,cell,80%,14,13,12,12,114,26.40075756,20.61552813,A
100,314,7,4,cell,83%,27,4,12,9,85,30.14962686,5.0,A
100,314,7,5,cell,56%,29,15,10,9,71,19.02629759,15.03329638,A
100,314,7,6,cell,90%,30,47,12,14,132,-13.0,47.0,B
100,314,7,7,cell,84%,34,23,10,13,103,11.70469991,23.34523506,A
100,315,8,1,cell,85%,4,4,8,9,57,39.69886648,26.30589288,A
100,315,8,2,cell,90%,15,47,14,13,143,-19.84943324,49.33558553,B
100,315,8,3,cell,87%,15,10,14,11,121,28.3019434,18.02775638,A
100,315,8,4,cell,88%,31,46,12,14,132,-12.04159458,46.01086828,B
100,315,8,5,cell,75%,29,12,8,8,51,22.02271555,12.04159458,A
100,315,8,6,cell,85%,34,6,9,11,78,28.28427125,7.211102551,A
100,315,8,7,cell,59%,35,22,9,12,85,13.0,22.56102835,A
100,315,8,8,cell,73%,56,4,7,9,50,39.69886648,26.30589288,A
100,316,7,1,cell,88%,5,5,8,10,63,38.28837944,25.49509757,A
100,316,7,2,cell,86%,15,48,15,10,118,-20.51828453,50.28916384,B
100,316,7,3,cell,92%,16,11,15,12,142,26.92582404,17.80449381,A
100,316,7,4,cell,59%,30,14,11,10,87,20.0,14.0,A
100,316,7,5,cell,91%,31,46,13,14,143,-12.04159458,46.01086828,B
100,316,7,6,cell,34%,33,21,11,13,113,13.34166406,21.21320344,A
100,316,7,7,cell,88%,34,5,8,11,70,29.27456234,6.403124237,A
100,317,6,1,cell,87%,5,5,8,10,63,38.28837944,25.49509757,A
100,317,6,2,cell,92%,15,47,15,12,142,-19.84943324,49.33558553,B
100,317,6,3,cell,79%,15,10,13,10,103,28.3019434,18.02775638,A
100,317,6,4,cell,28%,31,14,12,10,95,20.02498439,14.03566885,A
100,317,6,5,cell,89%,30,45,11,13,113,-11.0,45.0,B
100,317,6,6,cell,71%,34,5,9,11,78,29.27456234,6.403124237,A
100,318,6,1,cell,89%,3,5,7,11,61,39.62322551,27.45906044,A
100,318,6,2,cell,88%,15,47,16,13,164,-19.84943324,49.33558553,B
100,318,6,3,cell,90%,15,11,15,12,142,27.45906044,18.60107524,A
100,318,6,4,cell,67%,29,15,11,10,87,19.02629759,15.03329638,A
100,318,6,5,cell,89%,31,45,12,14,132,-11.04536102,45.01110974,B
100,318,6,6,cell,86%,32,5,9,10,71,29.06888371,5.385164807,A
100,319,7,1,cell,85%,5,4,8,11,70,39.05124838,25.3179778,A
100,319,7,2,cell,78%,16,48,17,11,147,-19.79898987,50.0,B
100,319,7,3,cell,92%,16,11,15,11,130,26.92582404,17.80449381,A
100,319,7,4,cell,78%,30,14,9,9,64,20.0,14.0,A
100,319,7,5,cell,93%,32,46,13,14,143,-12.16552506,46.04345773,B
100,319,7,6,cell,25%,33,23,9,8,57,11.40175425,23.19482701,A
100,319,7,7,cell,89%,33,6,9,10,71,28.16025568,6.708203932,A
100,320,5,1,cell,81%,4,5,6,12,57,38.94868419,26.47640459,A
100,320,5,2,cell,84%,15,49,16,11,139,-21.21320344,51.2445119,B
100,320,5,3,cell,87%,14,12,13,11,113,27.20294102,20.0,A
100,320,5,4,cell,88%,30,47,12,14,132,-13.0,47.0,B
100,320,5,5,cell,86%,32,9,11,12,104,25.07987241,9.219544457,A
100,321,5,1,cell,87%,3,5,7,12,66,39.62322551,27.45906044,A
100,321,5,2,cell,70%,16,48,16,11,139,-19.79898987,50.0,B
100,321,5,3,cell,91%,16,12,15,12,142,26.07680962,18.43908891,A
100,321,5,4,cell,92%,31,46,13,14,143,-12.04159458,46.01086828,B
100,321,5,5,cell,90%,32,7,10,12,95,27.07397274,7.280109889,A
100,322,5,1,cell,84%,3,5,7,11,61,39.62322551,27.45906044,A
100,322,5,2,cell,91%,14,47,15,13,154,-20.61552813,49.64876635,B
100,322,5,3,cell,33%,13,11,13,11,113,28.60069929,20.24845673,A
100,322,5,4,cell,80%,25,5,14,10,110,29.42787794,7.071067812,A
100,322,5,5,cell,89%,30,45,12,13,123,-11.0,45.0,B
100,323,5,1,cell,77%,4,5,7,12,66,38.94868419,26.47640459,A
100,323,5,2,cell,80%,14,48,15,12,142,-21.26029163,50.59644256,B
100,323,5,3,cell,36%,14,12,12,10,95,27.20294102,20.0,A
100,323,5,4,cell,86%,26,5,14,11,121,29.27456234,6.403124237,A
100,323,5,5,cell,91%,32,46,13,13,133,-12.16552506,46.04345773,B
100,324,4,1,cell,75%,4,5,6,12,57,38.94868419,26.47640459,A
100,324,4,2,cell,25%,16,49,15,12,142,-20.51828453,50.96076922,B
100,324,4,3,cell,89%,24,4,10,11,87,30.59411708,7.211102551,A
100,324,4,4,cell,85%,30,46,12,13,123,-12.0,46.0,B
100,325,4,1,cell,72%,3,5,6,11,52,39.62322551,27.45906044,A
100,325,4,2,cell,30%,14,48,16,13,164,-21.26029163,50.59644256,B
100,325,4,3,cell,87%,26,5,14,11,121,29.27456234,6.403124237,A
100,325,4,4,cell,89%,30,45,13,13,133,-11.0,45.0,B
100,326,4,1,cell,78%,4,4,6,11,52,39.69886648,26.30589288,A
100,326,4,2,cell,70%,14,48,15,13,154,-21.26029163,50.59644256,B
100,326,4,3,cell,87%,25,4,12,11,104,30.41381265,6.403124237,A
100,326,4,4,cell,89%,30,46,13,14,143,-12.0,46.0,B
100,327,3,1,cell,78%,7,18,15,13,154,28.01785145,29.20616373,A
100,327,3,2,cell,87%,17,4,11,11,96,32.69556545,13.60147051,A
100,327,3,3,cell,93%,31,25,11,13,113,9.055385138,25.01999201,A
100,328,3,1,cell,80%,7,18,12,13,123,28.01785145,29.20616373,A
100,328,3,2,cell,75%,14,4,11,11,96,34.0,16.4924225,A
100,328,3,3,cell,94%,30,24,11,14,121,10.0,24.0,A
100,329,3,1,cell,87%,8,20,13,15,154,26.07680962,29.73213749,A
100,329,3,2,cell,80%,14,5,10,11,87,33.12099032,16.76305461,A
100,329,3,3,cell,95%,31,25,11,13,113,9.055385138,25.01999201,A
100,330,3,1,cell,83%,7,20,13,15,154,26.92582404,30.47950131,A
100,330,3,2,cell,44%,13,5,11,13,113,33.61547263,17.72004515,A
100,330,3,3,cell,95%,30,24,11,13,113,10.0,24.0,A
100,331,3,1,cell,81%,7,21,13,16,164,26.41968963,31.144823,A
100,331,3,2,cell,58%,13,6,11,12,104,32.75667871,18.02775638,A
100,331,3,3,cell,92%,30,25,10,12,95,9.0,25.0,A
100,332,3,1,cell,83%,8,21,14,15,165,25.55386468,30.41381265,A
100,332,3,2,cell,80%,14,5,10,11,87,33.12099032,16.76305461,A
100,332,3,3,cell,93%,31,25,11,13,113,9.055385138,25.01999201,A
100,333,3,1,cell,74%,9,20,14,14,154,25.23885893,29.0,A
100,333,3,2,cell,80%,13,5,11,12,104,33.61547263,17.72004515,A
100,333,3,3,cell,94%,31,24,10,13,103,10.04987562,24.0208243,A
100,334,3,1,cell,81%,7,21,13,14,143,26.41968963,31.144823,A
100,334,3,2,cell,76%,13,5,10,11,87,33.61547263,17.72004515,A
100,334,3,3,cell,93%,31,25,10,13,103,9.055385138,25.01999201,A
100,335,3,1,cell,72%,7,21,14,16,176,26.41968963,31.144823,A
100,335,3,2,cell,66%,13,5,11,13,113,33.61547263,17.72004515,A
100,335,3,3,cell,95%,30,25,10,14,110,9.0,25.0,A
100,336,3,1,cell,87%,8,20,14,15,165,26.07680962,29.73213749,A
100,336,3,2,cell,81%,14,5,10,11,87,33.12099032,16.76305461,A
100,336,3,3,cell,96%,32,24,11,12,104,10.19803903,24.08318916,A
100,337,3,1,cell,88%,8,21,14,15,165,25.55386468,30.41381265,A
100,337,3,2,cell,72%,13,5,10,11,87,33.61547263,17.72004515,A
100,337,3,3,cell,94%,31,25,11,13,113,9.055385138,25.01999201,A
100,338,3,1,cell,78%,8,20,14,15,165,26.07680962,29.73213749,A
100,338,3,2,cell,64%,13,5,11,12,104,33.61547263,17.72004515,A
100,338,3,3,cell,94%,30,23,10,13,103,11.0,23.0,A
100,339,3,1,cell,83%,8,21,15,16,189,25.55386468,30.41381265,A
100,339,3,2,cell,82%,13,5,10,11,87,33.61547263,17.72004515,A
100,339,3,3,cell,94%,31,25,11,12,104,9.055385138,25.01999201,A
100,340,3,1,cell,73%,7,20,14,15,165,26.92582404,30.47950131,A
100,340,3,2,cell,37%,13,5,11,12,104,33.61547263,17.72004515,A
100,340,3,3,cell,94%,30,24,11,14,121,10.0,24.0,A
100,341,3,1,cell,86%,8,21,14,15,165,25.55386468,30.41381265,A
100,341,3,2,cell,86%,13,5,10,11,87,33.61547263,17.72004515,A
100,341,3,3,cell,94%,30,25,11,13,113,9.0,25.0,A
100,342,3,1,cell,87%,7,21,14,15,165,26.41968963,31.144823,A
100,342,3,2,cell,67%,12,5,10,11,87,34.13209633,18.68154169,A
100,342,3,3,cell,95%,31,24,10,13,103,10.04987562,24.0208243,A
100,343,3,1,cell,80%,8,22,14,16,176,25.05992817,31.11269837,A
100,343,3,2,cell,55%,12,5,10,12,95,34.13209633,18.68154169,A
100,343,3,3,cell,95%,30,25,11,14,121,9.0,25.0,A
100,344,3,1,cell,87%,7,20,13,15,154,26.92582404,30.47950131,A
100,344,3,2,cell,63%,12,5,10,12,95,34.13209633,18.68154169,A
100,344,3,3,cell,94%,30,23,11,13,113,11.0,23.0,A
100,345,3,1,cell,62%,7,21,14,16,176,26.41968963,31.144823,A
100,345,3,2,cell,40%,12,6,11,12,104,33.28663395,18.97366596,A
100,345,3,3,cell,95%,30,24,11,13,113,10.0,24.0,A
100,346,3,1,cell,84%,8,21,14,15,165,25.55386468,30.41381265,A
100,346,3,2,cell,63%,12,6,10,12,95,33.28663395,18.97366596,A
100,346,3,3,cell,95%,30,24,10,13,103,10.0,24.0,A
100,347,3,1,cell,80%,7,21,14,16,176,26.41968963,31.144823,A
100,347,3,2,cell,53%,12,5,10,12,95,34.13209633,18.68154169,A
100,347,3,3,cell,94%,31,24,10,13,103,10.04987562,24.0208243,A
100,348,3,1,cell,84%,7,21,14,15,165,26.41968963,31.144823,A
100,348,3,2,cell,70%,11,6,11,12,104,33.83784863,19.92485885,A
100,348,3,3,cell,95%,30,24,10,13,103,10.0,24.0,A
100,349,3,1,cell,78%,8,21,14,16,176,25.55386468,30.41381265,A
100,349,3,2,cell,68%,12,5,10,12,95,34.13209633,18.68154169,A
100,349,3,3,cell,94%,30,25,11,14,121,9.0,25.0,A
100,350,3,1,cell,90%,7,20,13,15,154,26.92582404,30.47950131,A
100,350,3,2,cell,44%,11,5,11,12,104,34.66987165,19.6468827,A
100,350,3,3,cell,95%,30,24,10,13,103,10.0,24.0,A
100,351,3,1,cell,80%,8,20,14,15,165,26.07680962,29.73213749,A
100,351,3,2,cell,62%,12,5,10,12,95,34.13209633,18.68154169,A
100,351,3,3,cell,96%,30,24,11,13,113,10.0,24.0,A
100,352,3,1,cell,83%,7,21,14,16,176,26.41968963,31.144823,A
100,352,3,2,cell,58%,12,6,12,12,114,33.28663395,18.97366596,A
100,352,3,3,cell,95%,30,24,10,12,95,10.0,24.0,A
100,353,3,1,cell,91%,7,20,13,15,154,26.92582404,30.47950131,A
100,353,3,2,cell,35%,13,5,11,12,104,33.61547263,17.72004515,A
100,353,3,3,cell,95%,30,24,11,13,113,10.0,24.0,A
100,354,3,1,cell,88%,7,21,13,15,154,26.41968963,31.144823,A
100,354,3,2,cell,35%,11,5,11,12,104,34.66987165,19.6468827,A
100,354,3,3,cell,94%,30,23,11,13,113,11.0,23.0,A
100,355,3,1,cell,73%,7,22,14,16,176,25.94224354,31.82766093,A
100,355,3,2,cell,41%,12,6,10,12,95,33.28663395,18.97366596,A
100,355,3,3,cell,95%,31,25,10,14,110,9.055385138,25.01999201,A
100,356,3,1,cell,91%,7,22,12,15,142,25.94224354,31.82766093,A
100,356,3,2,cell,79%,11,5,11,11,96,34.66987165,19.6468827,A
100,356,3,3,cell,90%,28,24,10,12,95,10.19803903,24.08318916,A
100,357,3,1,cell,74%,8,22,14,15,165,25.05992817,31.11269837,A
100,357,3,2,cell,76%,12,6,12,13,123,33.28663395,18.97366596,A
100,357,3,3,cell,95%,30,24,11,13,113,10.0,24.0,A
100,358,3,1,cell,86%,8,21,14,15,165,25.55386468,30.41381265,A
100,358,3,2,cell,68%,12,5,11,12,104,34.13209633,18.68154169,A
100,358,3,3,cell,95%,31,24,11,14,121,10.04987562,24.0208243,A
100,359,3,1,cell,88%,8,21,13,15,154,25.55386468,30.41381265,A
100,359,3,2,cell,79%,11,6,11,12,104,33.83784863,19.92485885,A
100,359,3,3,cell,94%,30,24,10,14,110,10.0,24.0,A
100,360,3,1,cell,85%,6,22,13,15,154,26.83281573,32.55764119,A
100,360,3,2,cell,77%,10,6,10,10,79,34.40930107,20.88061302,A
100,360,3,3,cell,96%,29,25,10,14,110,9.055385138,25.01999201,A
100,361,3,1,cell,84%,7,22,13,15,154,25.94224354,31.82766093,A
100,361,3,2,cell,77%,11,5,11,11,96,34.66987165,19.6468827,A
100,361,3,3,cell,95%,30,24,10,13,103,10.0,24.0,A
100,362,3,1,cell,90%,6,21,13,15,154,27.29468813,31.89043744,A
100,362,3,2,cell,84%,11,5,10,11,87,34.66987165,19.6468827,A
100,362,3,3,cell,96%,30,24,10,13,103,10.0,24.0,A
100,363,3,1,cell,78%,8,21,14,16,176,25.55386468,30.41381265,A
100,363,3,2,cell,65%,11,5,11,12,104,34.66987165,19.6468827,A
100,363,3,3,cell,95%,30,24,10,13,103,10.0,24.0,A
100,364,3,1,cell,89%,8,22,14,16,176,25.05992817,31.11269837,A
100,364,3,2,cell,82%,11,5,11,11,96,34.66987165,19.6468827,A
100,364,3,3,cell,95%,30,24,10,13,103,10.0,24.0,A
100,365,3,1,cell,91%,7,22,13,15,154,25.94224354,31.82766093,A
100,365,3,2,cell,80%,11,5,11,11,96,34.66987165,19.6468827,A
100,365,3,3,cell,96%,30,24,10,13,103,10.0,24.0,A
100,366,3,1,cell,80%,8,21,14,17,187,25.55386468,30.41381265,A
100,366,3,2,cell,58%,12,5,10,12,95,34.13209633,18.68154169,A
100,366,3,3,cell,94%,30,24,11,13,113,10.0,24.0,A
100,367,3,1,cell,76%,8,21,14,15,165,25.55386468,30.41381265,A
100,367,3,2,cell,51%,11,5,11,12,104,34.66987165,19.6468827,A
100,367,3,3,cell,95%,30,24,10,14,110,10.0,24.0,A
100,368,3,1,cell,91%,7,21,13,15,154,26.41968963,31.144823,A
100,368,3,2,cell,54%,11,5,11,11,96,34.66987165,19.6468827,A
100,368,3,3,cell,94%,30,23,11,13,113,11.0,23.0,A
100,369,3,1,cell,89%,6,21,13,15,154,27.29468813,31.89043744,A
100,369,3,2,cell,79%,11,5,11,11,96,34.66987165,19.6468827,A
100,369,3,3,cell,95%,29,23,10,13,103,11.04536102,23.02172887,A
100,370,3,1,cell,88%,7,23,13,14,143,25.49509757,32.52691193,A
100,370,3,2,cell,82%,11,6,10,12,95,33.83784863,19.92485885,A
100,370,3,3,cell,95%,30,24,10,13,103,10.0,24.0,A
100,371,3,1,cell,89%,8,22,14,15,165,25.05992817,31.11269837,A
100,371,3,2,cell,80%,11,6,11,12,104,33.83784863,19.92485885,A
100,371,3,3,cell,95%,30,25,10,14,110,9.0,25.0,A
100,372,3,1,cell,89%,7,22,14,15,165,25.94224354,31.82766093,A
100,372,3,2,cell,71%,11,5,11,12,104,34.66987165,19.6468827,A
100,372,3,3,cell,95%,30,24,11,13,113,10.0,24.0,A
100,373,3,1,cell,83%,7,21,13,16,164,26.41968963,31.144823,A
100,373,3,2,cell,61%,11,5,11,11,96,34.66987165,19.6468827,A
100,373,3,3,cell,94%,30,24,11,12,104,10.0,24.0,A
100,374,3,1,cell,77%,8,22,14,15,165,25.05992817,31.11269837,A
100,374,3,2,cell,75%,11,6,11,12,104,33.83784863,19.92485885,A
100,374,3,3,cell,95%,30,25,10,13,103,9.0,25.0,A
100,375,3,1,cell,90%,8,21,14,15,165,25.55386468,30.41381265,A
100,375,3,2,cell,66%,11,5,10,12,95,34.66987165,19.6468827,A
100,375,3,3,cell,94%,30,24,11,13,113,10.0,24.0,A
100,376,3,1,cell,91%,6,21,12,16,151,27.29468813,31.89043744,A
100,376,3,2,cell,83%,11,5,10,10,79,34.66987165,19.6468827,A
100,376,3,3,cell,95%,29,23,11,13,113,11.04536102,23.02172887,A
100,377,3,1,cell,82%,8,21,14,15,165,25.55386468,30.41381265,A
100,377,3,2,cell,69%,12,6,10,12,95,33.28663395,18.97366596,A
100,377,3,3,cell,94%,31,24,10,13,103,10.04987562,24.0208243,A
100,378,2,1,cell,84%,7,21,14,15,165,26.41968963,31.144823,A
100,378,2,2,cell,95%,30,24,11,14,121,10.0,24.0,A
100,379,3,1,cell,61%,7,22,15,16,189,25.94224354,31.82766093,A
100,379,3,2,cell,71%,11,5,11,11,96,34.66987165,19.6468827,A
100,379,3,3,cell,94%,30,24,10,12,95,10.0,24.0,A
100,380,3,1,cell,87%,7,22,13,16,164,25.94224354,31.82766093,A
100,380,3,2,cell,56%,11,5,11,12,104,34.66987165,19.6468827,A
100,380,3,3,cell,95%,30,24,11,13,113,10.0,24.0,A
100,381,3,1,cell,89%,7,21,14,15,165,26.41968963,31.144823,A
100,381,3,2,cell,76%,11,5,11,11,96,34.66987165,19.6468827,A
100,381,3,3,cell,96%,29,24,11,13,113,10.04987562,24.0208243,A
100,382,3,1,cell,83%,8,21,13,15,154,25.55386468,30.41381265,A
100,382,3,2,cell,58%,12,4,11,11,96,34.98571137,18.43908891,A
100,382,3,3,cell,94%,30,24,11,14,121,10.0,24.0,A
100,383,3,1,cell,67%,8,21,14,15,165,25.55386468,30.41381265,A
100,383,3,2,cell,70%,12,6,11,12,104,33.28663395,18.97366596,A
100,383,3,3,cell,94%,30,24,10,13,103,10.0,24.0,A
100,384,3,1,cell,85%,9,22,14,16,176,24.18677324,30.41381265,A
100,384,3,2,cell,75%,12,5,10,11,87,34.13209633,18.68154169,A
100,384,3,3,cell,93%,31,24,10,13,103,10.04987562,24.0208243,A
100,385,3,1,cell,85%,7,22,13,15,154,25.94224354,31.82766093,A
100,385,3,2,cell,78%,11,5,11,11,96,34.66987165,19.6468827,A
100,385,3,3,cell,95%,29,24,10,13,103,10.04987562,24.0208243,A
100,386,3,1,cell,57%,8,21,14,17,187,25.55386468,30.41381265,A
100,386,3,2,cell,63%,11,5,11,11,96,34.66987165,19.6468827,A
100,386,3,3,cell,94%,30,24,10,13,103,10.0,24.0,A
100,387,3,1,cell,83%,7,22,13,16,164,25.94224354,31.82766093,A
100,387,3,2,cell,60%,11,6,11,12,104,33.83784863,19.92485885,A
100,387,3,3,cell,94%,30,24,11,14,121,10.0,24.0,A
100,388,3,1,cell,76%,8,22,14,16,176,25.05992817,31.11269837,A
100,388,3,2,cell,63%,11,5,11,11,96,34.66987165,19.6468827,A
100,388,3,3,cell,95%,30,24,11,13,113,10.0,24.0,A
100,389,3,1,cell,83%,8,22,13,15,154,25.05992817,31.11269837,A
100,389,3,2,cell,74%,11,5,11,11,96,34.66987165,19.6468827,A
100,389,3,3,cell,95%,30,25,11,14,121,9.0,25.0,A
100,390,4,1,cell,76%,5,18,9,17,121,29.68164416,30.8058436,A
100,390,4,2,cell,95%,26,20,11,13,113,14.56021978,20.39607805,A
100,390,4,3,cell,91%,35,45,11,11,96,-12.08304597,45.27692569,B
100,390,4,4,cell,84%,49,46,16,10,126,-22.47220505,49.76946855,B
100,391,5,1,cell,81%,5,18,9,16,114,29.68164416,30.8058436,A
100,391,5,2,cell,38%,8,3,12,6,57,38.01315562,22.20360331,A
100,391,5,3,cell,95%,26,20,10,13,103,14.56021978,20.39607805,A
100,391,5,4,cell,92%,33,46,11,10,87,-12.36931688,46.09772229,B
100,391,5,5,cell,63%,47,46,16,9,114,-20.80865205,49.04079934,B
